tmdb_movieId,poster_path
19995,/gKY6q7SjCkAU6FqvqWybDYgUKIF.jpg
285,unknown
49529,unknown
559,unknown
99861,unknown
767,/z7uo9zmQdQwU5ZJHFpv2Upl30i1.jpg
209112,unknown
1452,unknown
10764,unknown
58,unknown
57201,/yDuJGq8biNMW7zM3w95UaDJv0KG.jpg
49521,/8GFtkImmK0K1VaUChR0n9O61CFU.jpg
1865,unknown
122917,unknown
271110,/rAGiXaUfPzY7CDEyNKUofk3Kw2e.jpg
44833,unknown
135397,unknown
37724,unknown
558,unknown
68721,unknown
36668,unknown
62211,unknown
8373,unknown
91314,/jyzrfx2WaeY60kYZpPYepSjGz4S.jpg
102382,unknown
20526,/8Nc6R8k7bG8frSiDJo0oLucF7dN.jpg
49013,unknown
44912,unknown
10193,/AbbXspMOwdvwWZgVN0nabZq03Ec.jpg
534,/gw6JhlekZgtKUFlDTezq3j5JEPK.jpg
168259,unknown
72190,unknown
127585,unknown
54138,/Aim3kVNh1MPIxPEFeJrl9e9Uf1a.jpg
81005,unknown
64682,unknown
9543,unknown
68726,/8wo4eN8dWKaKlxhSvBz19uvj8gA.jpg
38356,/28YlCLrFhONteYSs9hKjD1Km0Cj.jpg
217,unknown
105864,unknown
188927,unknown
10681,unknown
5174,unknown
14161,unknown
76757,unknown
258489,unknown
411,/iREd0rNCjYdf5Ar0vfaW32yrkm.jpg
246655,unknown
155,unknown
14160,/mFvoEwSfLqbcWwFsDjQebn9bzFe.jpg
44826,unknown
8487,unknown
297761,unknown
2698,unknown
137113,/nBM9MMa2WCwvMG4IJ3eiGUdbPe6.jpg
9804,unknown
14869,/mc9b25IAprHfsaOz0wTshOwGHcY.jpg
278927,unknown
10138,/6WBeq4fCfn7AN0o21W9qNcRF2l9.jpg
58595,unknown
102651,unknown
119450,unknown
64686,unknown
100402,unknown
158852,unknown
177572,/2mxS4wUimwlLmI1xp6QW6NSU361.jpg
82690,unknown
47933,unknown
10191,/ygGmAO60t8GyqUo9xYeYxSZAR3b.jpg
296,/vvevzdYIrk2636maNW4qeWmlPFG.jpg
118340,/r7vmZjiyZw9rpJMQJdXpjgiCOk9.jpg
157336,/yQvGrMoipbRoddT0ZR8tPoR7NfX.jpg
27205,/xlaY2zyzMfkhk0HSC5VUwzoZPU1.jpg
315011,unknown
49538,/hNEokmUke0dazoBhttFN0o3L7Xv.jpg
131634,/lImKHDfExAulp16grYm8zD5eONE.jpg
27022,unknown
503,/fDPdjGc8SUEDWfTwMaZlCE6NSi3.jpg
810,unknown
68735,unknown
87101,/oZRVDpNtmHk8M1VYy1aeOWUXgbC.jpg
676,unknown
1858,/4N4sipl8T72tNE4earcctQa2Kw2.jpg
1966,unknown
675,unknown
674,/fECBtHlr0RB3foNHDiCBXeg9Bv9.jpg
8960,unknown
6479,unknown
118,unknown
2062,unknown
272,/sPX89Td70IDDjVr85jdSBb4rWGr.jpg
10527,unknown
18360,unknown
2080,unknown
76338,unknown
76341,/hA2ple9q4qnwxp3hKVNhroipsir.jpg
13448,unknown
10195,unknown
19585,unknown
57165,unknown
62213,unknown
177677,unknown
5559,unknown
49444,unknown
956,unknown
117251,unknown
50321,unknown
11619,unknown
82703,unknown
652,/51auXjXepW1zblzhaN7CAhwvf5i.jpg
80321,unknown
36669,unknown
43074,unknown
95,unknown
140300,/oajNi4Su39WAByHI6EONu8G8HYn.jpg
56292,/eRZTGx7GsiKqPch96k27LK005ZL.jpg
81188,unknown
147441,unknown
13475,/9vaRPXj44Q2meHgt3VVfQufiHOJ.jpg
557,unknown
82702,/d13Uj86LdbDLrfDoHR5aDOFYyJC.jpg
205584,unknown
10048,unknown
13183,unknown
944,unknown
1927,unknown
72559,unknown
2114,/47b1EwFqqSWxYna7NtUM7iML4oT.jpg
1771,unknown
8619,/s1cVTQEZYn4nSjZLnFbzLP0j8y2.jpg
65759,unknown
281957,unknown
77950,unknown
44896,unknown
270946,unknown
9502,unknown
102899,/rQRnQfUl3kfp78nCWq8Ks04vnq1.jpg
101299,unknown
8961,unknown
27576,unknown
673,/aWxwnYoe8p2d2fcxOqtvAtJ72Rw.jpg
6972,unknown
82700,unknown
10567,unknown
181533,unknown
38055,/uZ9ytt3sPTx62XTfN56ILSuYWRe.jpg
49524,unknown
22,/poHwCZeWzJCShH7tOjg8RIoyjcw.jpg
131631,unknown
172385,unknown
58574,unknown
415,unknown
955,/hfnrual76gPeNFduhD4xzHWpfTw.jpg
87827,/iLgRu4hhSr6V1uManX6ukDriiSc.jpg
1250,unknown
324668,unknown
9471,unknown
70981,/qsYQflQhOuhDpQ0W2aOcwqgDAeI.jpg
10996,unknown
68724,unknown
7459,unknown
42888,/jbOnp79eUZxQHgcdnTIRlxel1dE.jpg
37834,unknown
1895,unknown
1894,/oZNPzxqM2s5DyVWab09NTQScDQt.jpg
585,unknown
1893,unknown
12100,unknown
49047,unknown
9619,unknown
308531,unknown
1593,unknown
254128,unknown
714,/gZm002w7q9yLOkltxT76TWGfdZX.jpg
163,unknown
262500,/dP5Fb6YRfzmCQtRbHOr2kO7tJW9.jpg
40805,unknown
53182,unknown
13700,/cgKnkbO3fNWwKc9qLyLYdeZQ9Vj.jpg
39254,unknown
1639,unknown
80274,unknown
1571,/31TT47YjBl7a7uvJ3ff1nrirXhP.jpg
8489,unknown
2048,unknown
1495,unknown
10137,unknown
286217,/fASz8A0yFE3QB6LgGoOfwvFSseV.jpg
24113,unknown
180,unknown
672,/sdEOH0992YZ0QSxgXNIGLq1ToUi.jpg
280,unknown
4982,unknown
36955,unknown
39451,unknown
9268,unknown
68718,/7oWY8VDWW7thTzWh3OKYRkWUlD5.jpg
2059,unknown
2486,unknown
16523,unknown
116711,unknown
9946,unknown
1372,/tnLxPpajkbVdbQl5B9CuD7sSpz9.jpg
414,unknown
563,unknown
83542,unknown
41216,unknown
314,unknown
9016,/kNhZkR3UNbXfvESQo7mJpOi4tGd.jpg
18162,unknown
138103,unknown
10214,unknown
205775,/weVvNPfk6FM9vBg3BXtRtNAmiYM.jpg
22972,unknown
3131,/lemqKtcCuAano5aqrzxYiKC8kkn.jpg
9408,unknown
855,unknown
37786,unknown
12,unknown
68737,unknown
1995,unknown
157353,unknown
331,/oQXj4NUfS3r3gHXtDOzcJgj1lLc.jpg
61791,unknown
10733,unknown
1408,unknown
32657,unknown
863,unknown
5175,unknown
2655,unknown
22794,unknown
8355,unknown
7446,unknown
1572,unknown
10865,unknown
258509,unknown
2253,unknown
10661,unknown
644,unknown
9383,unknown
179,/wTidq3J9fh8sEOAlD8WZFHVLSuB.jpg
76285,unknown
1996,unknown
291805,unknown
10003,unknown
1535,/6y8M1rxjKofQCRKKe6xeV91K2Fc.jpg
2067,unknown
2277,/wrs23eO0VEWwOQpXoOasMnlW9Y4.jpg
8665,unknown
921,/wkeOjIcpuqLMW4GnVowlM9VI0JE.jpg
4464,unknown
8358,/7lLJgKnAicAcR5UEuo8xhSMj18w.jpg
9836,/za41IHkj6LnkilfTzv5B2qmthKD.jpg
9772,/evO1iENjLpUnbwjnt5XK85jRYob.jpg
161,/hQQCdZrsHtZyR6NbKH2YyCqd2fR.jpg
76492,unknown
4523,unknown
10481,unknown
59108,unknown
9798,unknown
22897,unknown
298,unknown
157350,unknown
853,unknown
9593,unknown
1904,unknown
51052,unknown
297,unknown
9884,unknown
16858,unknown
22538,/g5IoYeudx9XBEfwNL0fHvSckLBz.jpg
12107,unknown
9637,unknown
49049,/wLx65gtGVnUFCxceHWGszcruCZj.jpg
9339,unknown
16281,unknown
8247,unknown
11253,unknown
310,unknown
954,/l5uxY5m5OInWpcExIpKG6AR3rgL.jpg
70160,unknown
364,unknown
7518,unknown
11544,unknown
8656,unknown
146216,unknown
55301,unknown
109418,unknown
11665,/sZUjbtUS8qxXp4mj90evnqPJqX7.jpg
6964,unknown
11324,/nrmXQ0zcZUL8jFLrakWc90IR8z9.jpg
12193,unknown
9928,unknown
754,unknown
10202,unknown
4147,unknown
50546,unknown
1701,/kOKjgrEzGOP92rVQ6srA9jtp60l.jpg
13027,unknown
2289,unknown
9574,unknown
11618,unknown
2300,unknown
6068,unknown
41515,unknown
9023,unknown
38317,/y3b4AYw8dr4hIKTfEAjxUxx0z8G.jpg
2157,unknown
159824,unknown
49948,unknown
9705,unknown
12159,unknown
9678,unknown
75,unknown
9433,unknown
19959,unknown
11973,unknown
77951,unknown
5491,/wXCRuBHdJ5aTFQdsuGJFXNdo79T.jpg
10715,unknown
10197,unknown
9562,unknown
9447,unknown
274854,unknown
8870,unknown
9992,unknown
76649,unknown
8587,unknown
72545,unknown
109451,unknown
9533,unknown
2023,unknown
71880,unknown
328111,unknown
93456,unknown
9693,/k9IAS4TehZFcKi4HVByxZNPfqex.jpg
36657,unknown
1824,unknown
11026,unknown
332,unknown
75656,unknown
38365,unknown
15189,unknown
11678,unknown
6538,unknown
10555,/r08DpyPyhXcJTfNZAICNGMzcQ8l.jpg
1125,unknown
4551,unknown
612,/iUekaw96QLInZpsNwRTlRKrZgwm.jpg
9567,unknown
203801,unknown
2539,unknown
9297,unknown
6520,unknown
1439,unknown
37958,unknown
7450,/el2iHk3LTJWfEnwrvcRkvWY501G.jpg
11375,unknown
25769,unknown
23685,unknown
11866,unknown
9741,/mLuehrGLiK5zFCyRmDDOH6gbfPf.jpg
211672,unknown
8688,unknown
10153,unknown
153518,unknown
8676,unknown
20829,unknown
9718,unknown
10808,unknown
197,/or1gBugydmjToAEq7OZY0owwFk.jpg
25,unknown
3050,unknown
809,unknown
920,unknown
4806,unknown
7451,unknown
3595,/4nmOA5ZOY2VlHzwSlKY03sF2JUz.jpg
16869,/3Gb6G2amMuKZmmCpRqM4N67s8eE.jpg
879,unknown
1573,unknown
9257,unknown
1903,unknown
9697,unknown
395,/ySWu5bCnnmgV1cVacvFnFIhgOjp.jpg
23398,unknown
10590,/q2LeLzw4q9HTelkKx29dyTMf5zK.jpg
117263,/u3GTFGwesNBNd0t1hiLaEk1iqZU.jpg
200,unknown
44943,unknown
587,/tjK063yCgaBAluVU72rZ6PKPH2l.jpg
57212,unknown
33909,unknown
49017,unknown
978,unknown
8814,unknown
8427,/hmjCMtkeqxruMVocq7iwMx899xi.jpg
52520,unknown
80585,unknown
10592,unknown
49021,unknown
10550,unknown
11258,unknown
12610,unknown
59981,unknown
201088,/7zu6HPnKPjNA7NuR4DGRdaH0PdX.jpg
5137,unknown
3093,unknown
107846,/qOZPLflxDqKogu9v9hYw3lolxGs.jpg
20352,unknown
11517,unknown
214756,unknown
26428,/1xsFa6I5vDd2UI1AJ1tsW7BUChv.jpg
9824,unknown
48988,unknown
300673,unknown
12113,/sLjVDPPfNQfAma9XyOqHPClQb2V.jpg
38778,unknown
72331,unknown
1844,/psrm7DToacaxQvgViBAcrYiLKzH.jpg
857,/uqx37cS8cpHg8U35f9U5IBlrCV3.jpg
136797,unknown
3981,unknown
425,/gLhHHZUzeseRXShoDyC4VqLgsNv.jpg
72976,unknown
568,unknown
9489,unknown
12133,unknown
41733,unknown
227306,unknown
5551,unknown
9350,unknown
1852,unknown
11820,unknown
345,unknown
59962,unknown
36648,unknown
9440,unknown
71679,unknown
10483,unknown
11983,unknown
550,unknown
11170,unknown
9292,unknown
10783,unknown
100241,unknown
9947,unknown
189,unknown
12618,unknown
1427,unknown
818,unknown
16577,unknown
329,/fjTU1Bgh3KJu4aatZil3sofR2zC.jpg
12160,/51LItgyecu2KMAtIchYogEykCIu.jpg
9331,unknown
300168,unknown
3536,unknown
12138,unknown
273248,unknown
9955,unknown
1271,unknown
693,unknown
14306,unknown
11199,unknown
210577,/ts996lKsxvjkO2yiYG0ht4qAicO.jpg
10708,unknown
136400,unknown
10992,unknown
2642,unknown
8916,unknown
19899,unknown
2119,unknown
9641,unknown
38167,unknown
9563,unknown
1538,/nV5316WUsVij8sVXLCF1g7TFitg.jpg
9334,unknown
11128,unknown
75780,unknown
8914,unknown
39538,unknown
10628,unknown
14836,unknown
8645,unknown
9384,unknown
9279,unknown
77174,unknown
9620,unknown
3512,unknown
137094,/m7HcLUodrD4lM4s0Hui1tzO2pjO.jpg
267860,unknown
8078,/9aRDMlU5Zwpysilm0WCWzU2PCFv.jpg
7485,unknown
6435,unknown
137106,unknown
10040,unknown
6278,unknown
82682,unknown
17610,unknown
22954,unknown
16995,/mWsfeSFUM3NxWa62UrA9IIn240B.jpg
16558,unknown
9849,unknown
5820,unknown
16866,/x7Itcg3ZdExKwdKguy73WPEqosW.jpg
201,unknown
11775,unknown
87825,unknown
9932,/q3R6Hno3WFfIkHQg7CeVAEOcHQQ.jpg
13389,/wKL5pzUfGOqOFjf0VN47nXlZOAL.jpg
8838,unknown
786,/3rrkyLYbgLj84AYvjhdcJot4JPx.jpg
9513,unknown
11679,unknown
14411,unknown
8413,unknown
9664,unknown
137321,unknown
11260,/3Qfav5aVRcZmq854olMjJ795JJ2.jpg
9009,unknown
11374,unknown
2309,unknown
210860,unknown
2312,/bbN1lmDk1PT0GsTFCy179sk5nIF.jpg
9839,unknown
13922,unknown
293660,/3E53WEZJqP6aM84D8CckXx4pIHw.jpg
9713,unknown
190859,unknown
257445,unknown
9007,unknown
1370,unknown
4942,unknown
347969,/kPc80jywR5Nm2KIQjkY5i4VXSx4.jpg
24438,unknown
35791,unknown
72431,unknown
1813,unknown
87428,unknown
8840,unknown
10589,unknown
71676,unknown
1722,unknown
13,/Cw4hIUIAmSYfK9QfaUW5igp9La.jpg
6477,unknown
1597,unknown
10530,unknown
8488,unknown
10603,unknown
109424,/8Td0kkocW6sD3uRpzwfMfkqMWhx.jpg
35056,unknown
8839,unknown
7303,unknown
8963,unknown
9315,unknown
8984,unknown
795,unknown
24,unknown
11353,unknown
393,/2yhg0mZQMhDyvUQ4rG1IZ4oIA8L.jpg
9618,unknown
9374,unknown
8584,unknown
2320,unknown
58224,/jGwZ1QI5DaL7mHQ2ZsMV1p8xvPS.jpg
175574,unknown
8818,unknown
8195,/AirrhRJjHwytOV0pdLu7YZ4DEyr.jpg
116149,/wpchRGhRhvhtU083PfX2yixXtiw.jpg
10632,unknown
1792,unknown
13260,unknown
3580,unknown
12123,unknown
4517,unknown
16072,/cgTb9rFEgAi2hq8B5AUABZHX8I.jpg
19724,unknown
145220,unknown
14623,unknown
42297,unknown
36586,unknown
11321,unknown
70074,/arJfxShfuZPhqfBZZU6DkPZfnjn.jpg
9621,unknown
1819,unknown
8536,/3xk5cno9BHcnwc97XO9k21aI1Zi.jpg
8046,unknown
11456,/quRhjnXAuIn04VmgM84nmKzt79J.jpg
261023,unknown
3683,unknown
22803,unknown
285923,unknown
39437,/jIoT0J2fNXXCYZst6OkKStQIPw9.jpg
1950,unknown
97630,/wNSdSSxowM3WIqmPJNg3RagYbwP.jpg
11631,unknown
32856,unknown
8741,unknown
1850,unknown
524,unknown
26389,unknown
11817,unknown
2123,unknown
808,unknown
8367,unknown
9390,unknown
72105,unknown
2898,/xXxuJPNUDZ0vjsAXca0O5p3leVB.jpg
10312,unknown
109443,unknown
2022,unknown
37686,unknown
462,unknown
9919,/2dlftyPz7mTYbrsPvTogyFmYd7d.jpg
187017,unknown
10201,unknown
302699,unknown
9441,unknown
274167,unknown
388,/ffMUgkDZICNiyaws1Jkv8qG8uFW.jpg
10329,/hPNSToNIIpRO6y5Rh973leqQqNr.jpg
74465,unknown
13811,unknown
6877,unknown
50646,unknown
13673,unknown
60308,/4yIQq1e6iOcaZ5rLDG3lZBP3j7a.jpg
6950,unknown
13836,unknown
752,unknown
6038,unknown
9975,unknown
12103,/mDawnZWQnePqQbiisEWZaY9e4UI.jpg
60304,unknown
2251,/bjiHEhuiwhIygzjczbTPAA07cGc.jpg
46529,unknown
231,unknown
228326,/aotTZos5KswgCryEzx2rlOjFsm1.jpg
9754,unknown
66,unknown
4421,unknown
2649,unknown
588,unknown
306,unknown
928,unknown
1577,/way9dOm4dM2sm9UMcu2PEXMTX0q.jpg
9801,unknown
9624,unknown
4599,unknown
22832,unknown
10390,/vkeKxoSXE1qMArcFNTNBBH8TjKZ.jpg
9879,unknown
38579,unknown
44603,unknown
11892,unknown
9691,unknown
1248,unknown
10782,unknown
9573,unknown
10061,unknown
316152,unknown
241554,/iGvSMoPbWZWDnIhh54yiq3sW7wH.jpg
2252,/dpiJWb4NrWgcOg2rusuLhDM0hTm.jpg
11968,/h5oXcjRu0EOiAxSxYuGq58897tu.jpg
38319,unknown
9770,unknown
11212,unknown
11863,unknown
9275,unknown
329833,unknown
12634,/l6tzLXXGubnC6TbFgg8acfcvGRO.jpg
10416,unknown
47327,unknown
15268,unknown
89,/sizg1AU8f8JDZX4QIgE4pjUMBvx.jpg
198184,/uuDUpzlMFomdSfNWlpEPS9nVZWV.jpg
4547,unknown
53953,unknown
6415,unknown
181283,unknown
167,unknown
11232,/fbWYmlGvQXmmZEr4bMeJFjWfFXZ.jpg
260346,unknown
8592,unknown
11091,/1xzvRrpA9V1TxXP7kIf8d0AgJ1R.jpg
593,unknown
5393,unknown
9095,unknown
8874,unknown
11467,unknown
199,unknown
20533,unknown
10684,unknown
1624,unknown
325789,unknown
113464,unknown
82675,unknown
4256,unknown
1493,unknown
10731,unknown
9869,unknown
4379,unknown
146233,/jsS3a3ep2KyBVmmiwaz3LvK49b1.jpg
2034,unknown
926,unknown
4248,unknown
7214,unknown
1537,unknown
9360,/33NysOnLpLZY0ewHTcfpalzAsRG.jpg
6282,unknown
508,/7QPeVsr9rcFU9Gl90yg0gTOTpVv.jpg
768,unknown
10478,unknown
9981,unknown
15045,unknown
7737,unknown
232672,unknown
9759,unknown
9486,unknown
841,/ngUaHgSZGkKy1Izwjk7qwZLOC5A.jpg
4688,unknown
4148,unknown
2207,unknown
9381,unknown
9304,unknown
20856,unknown
21355,/6E4E7wYXw1DE2321F2hVNryLSk7.jpg
10858,unknown
9457,unknown
12412,/7PqmgaQBuD0Zp9pDIkkEjkhCJUj.jpg
6639,unknown
38153,unknown
58233,unknown
116977,/to9ggXVyhNTCICHcHMCtFtANd8P.jpg
27573,unknown
819,unknown
1369,unknown
10935,unknown
834,unknown
228066,unknown
711,/chd9bCGNYtzDoJqGw5wUHlhrkOb.jpg
10468,/tlgz7Shx0UavR5pyITeJ2mUHKFI.jpg
10027,unknown
37233,unknown
37950,unknown
64688,unknown
509,unknown
7443,unknown
5966,unknown
136795,unknown
87826,unknown
11560,unknown
709,/8nzJve63EXA79HGAyidZwivZrQ2.jpg
2749,unknown
9607,unknown
1830,unknown
54054,unknown
65,unknown
280391,unknown
745,unknown
49527,unknown
168672,unknown
18240,unknown
165,/hQq8xZe5uLjFzSBt4LanNP7SQjl.jpg
216015,unknown
12279,unknown
193756,unknown
259693,unknown
10184,unknown
4257,unknown
4234,unknown
196,unknown
257091,unknown
24803,unknown
109410,/iZ7jVGQWj3eBUdqwAPUlKk0BaS2.jpg
100042,unknown
9036,unknown
257211,unknown
323675,unknown
9361,unknown
1677,unknown
187,unknown
7461,unknown
16538,unknown
9889,unknown
820,unknown
11565,/wlbov6pkgySqYZilZcO54f29Dg1.jpg
16996,unknown
296098,/fmOOjHAQzxr0c1sfcY4qkiSRBH6.jpg
32823,unknown
4380,unknown
11551,unknown
10336,unknown
227159,unknown
68179,/9la0CSCJqwh6io3yk4Xv3aEZxEA.jpg
1579,/cRY25Q32kDNPFDkFkxAs6bgCq3L.jpg
34851,unknown
9930,unknown
1586,/hvzw4wufKZkDCTPVeG71Z7pGfZh.jpg
10761,unknown
209451,unknown
4970,unknown
11831,/6QqNyIHKow0jngiQgTNBOBrLILM.jpg
9096,/lkHqtViTG4Zzh7i9rrtHJGTnEUg.jpg
10641,unknown
11172,unknown
39513,unknown
41446,unknown
8224,/mhr9xRpjOBqlBjgDwtiOx6FsLvV.jpg
225886,unknown
10385,unknown
55779,/Akx1Po4ZLetOWfYJhQf75tbhTtK.jpg
10154,/gEnKsStQ27P0KCCIGtkYwvFQ0RX.jpg
10647,unknown
8457,unknown
188161,unknown
10060,unknown
1833,unknown
10391,unknown
203,unknown
11858,unknown
62835,unknown
18937,unknown
13536,unknown
15556,unknown
10718,/pY35tW8BMAjZewl87OxjXK8ui02.jpg
11062,unknown
10802,unknown
12704,unknown
10315,/hhhJN8aJdTlzGmARCbwWflHXhwI.jpg
16643,unknown
2687,/zbplzn4WrBkKDmmWlQkWdsacmNa.jpg
11025,unknown
78698,unknown
24418,unknown
7288,/mCQ4oO9djqcthBRD3ftTnR8qSP7.jpg
14655,unknown
24575,unknown
10366,unknown
19898,unknown
4965,unknown
15074,unknown
56715,unknown
20542,unknown
8271,unknown
10428,/w8H2KpRtpzwlxz5KrvINCVihok1.jpg
110415,unknown
256040,/9BAjt8nSSms62uOVYn1t3C3dVto.jpg
1257,unknown
8842,/9CuODYTA3vvrGluaIl0hMPsEIK8.jpg
9531,unknown
64807,unknown
11529,unknown
9099,unknown
9488,unknown
193,unknown
55787,unknown
257932,unknown
1957,unknown
256961,unknown
5852,unknown
12312,unknown
11306,unknown
12508,/8pRMweo9WA1MvYOLsD2hWyFpZ1V.jpg
25793,unknown
10534,/5xF4qy44Lvv68glS7eHWH7laTqt.jpg
87421,/pUul9pGWOKT7X0smkTvsIEIQxcP.jpg
10871,unknown
13503,unknown
13600,unknown
68722,unknown
14324,unknown
299687,unknown
312221,/1BfTsk5VWuw8FCocAhCyqnRbEzq.jpg
76494,unknown
4944,unknown
10488,unknown
334,unknown
23742,/qA31i7FPVDHezuoevx3497CvZd4.jpg
259694,unknown
62837,unknown
8470,unknown
11001,/iv4hjp3Srnrm50wpFEtTn0k63Cj.jpg
138832,unknown
16911,/dQ6Cox1ycTpvEgLKAHRzRerwEL8.jpg
36670,unknown
23048,/wjzbVXAes1acbh6k4OO5xVfy5.jpg
227735,unknown
2155,unknown
222936,unknown
31908,unknown
10219,unknown
48171,unknown
782,/eSKr5Fl1MEC7zpAXaLWBWSBjgJq.jpg
11802,unknown
9776,unknown
365222,/8PvinaGEqzf1rrfFAxiXujJnCtI.jpg
817,unknown
45054,unknown
943,unknown
10054,unknown
51540,unknown
152,unknown
109431,unknown
8065,unknown
271718,unknown
11638,unknown
2118,/lWCgf5sD5FpMljjpkRhcC8pXcch.jpg
10806,unknown
9348,unknown
9313,unknown
39486,unknown
13920,/uQ6ci4iFHhB6TWB2f4wftR7AEly.jpg
50544,unknown
325133,unknown
140823,unknown
89492,unknown
22949,unknown
12437,unknown
2959,unknown
11648,unknown
9366,/xtKLvpOfARi1XVm8u2FTdhY5Piq.jpg
1576,unknown
13051,/3cWnCG5NyXJYARO2hmNqfbbgrMA.jpg
49530,unknown
49022,unknown
11469,unknown
11667,unknown
2288,unknown
88794,unknown
13515,unknown
11979,unknown
169,unknown
8090,unknown
11622,unknown
94348,unknown
8197,unknown
10410,unknown
14442,unknown
14175,/tSRO8wukDlGMlrkmRpqL2nWhgPs.jpg
11004,unknown
11918,unknown
98357,unknown
49526,unknown
119283,unknown
11823,unknown
35169,unknown
849,unknown
4515,unknown
18886,unknown
6575,unknown
13496,unknown
22787,unknown
37498,unknown
13056,unknown
285783,unknown
49478,unknown
20763,unknown
9311,unknown
9280,unknown
26843,unknown
22267,unknown
45958,unknown
1969,/31wgXG6OxDaXbp5IzyNoUJdVS5e.jpg
310706,unknown
1381,unknown
2162,/fgPC0xS3o6J5eWFwetssfSD2SEK.jpg
127493,unknown
228205,unknown
21311,unknown
77875,unknown
192136,unknown
18254,unknown
10877,unknown
9600,unknown
85446,unknown
326,unknown
10685,/hsMvndtd3KPAvJ3q7zKZuNSB1R3.jpg
12596,unknown
13460,unknown
8055,unknown
10719,unknown
9294,unknown
11888,unknown
9647,unknown
9353,unknown
55721,unknown
109414,unknown
10307,unknown
11978,unknown
22907,unknown
87567,unknown
38322,/n1GSxFcDaZ6lMVf21M0KloPfuhu.jpg
45612,unknown
11519,unknown
12920,unknown
9335,unknown
11141,unknown
8649,unknown
31867,unknown
3587,unknown
24662,unknown
32274,unknown
5494,unknown
28,/gQB8Y5RCMkv2zwzFHbUJX3kAhvA.jpg
2054,unknown
606,/6oMKqh08TfxmvnoFR4mm1wZB67P.jpg
87502,unknown
698,unknown
11313,unknown
6488,unknown
10559,unknown
8012,/r82SdPhg4fnIcLt0ogIjQxqjdcO.jpg
9032,unknown
2770,unknown
862,unknown
1637,unknown
27569,unknown
10637,/825ohvC4wZ3gCuncCaqkWeQnK8h.jpg
132363,unknown
9472,unknown
2907,unknown
9273,unknown
17654,unknown
322,/hCHVDbo6XJGj3r2i4hVjKhE0GKF.jpg
9535,unknown
6557,unknown
18126,unknown
16340,unknown
4476,unknown
22947,unknown
2755,/tstvsrJHY57hc951lb190alXRQm.jpg
82654,unknown
59967,unknown
9598,unknown
9870,unknown
8292,unknown
8780,unknown
9715,unknown
10521,unknown
10762,unknown
10096,unknown
59436,/4wBG5kbfagTQclETblPRRGihk0I.jpg
4133,/yYZFVfk8aeMP4GxBSU9MTvqs9mJ.jpg
10207,unknown
172,unknown
21972,unknown
6023,unknown
6439,unknown
4347,unknown
37056,unknown
76489,unknown
3933,unknown
9918,unknown
307081,unknown
16871,unknown
293863,unknown
13156,unknown
41233,/rPcqa5TZ7S63RNmCuY45ZizFBen.jpg
9266,unknown
1262,unknown
4513,unknown
7278,unknown
9013,unknown
865,unknown
10776,unknown
50456,unknown
9823,unknown
59861,unknown
12763,unknown
9766,unknown
14034,/dF9vz1LB6078ULfweT2vxdWZzos.jpg
51162,unknown
10152,/qxD6P3UXASFCdbrVavceZzgOfI9.jpg
9452,unknown
239566,unknown
53113,unknown
9271,unknown
4474,unknown
48340,/zRUNv1CbeVtmTCNr6RLHnxV2QYm.jpg
14846,unknown
16232,unknown
9920,unknown
18550,unknown
8869,unknown
3489,unknown
9701,unknown
37707,unknown
10658,unknown
13150,unknown
11208,unknown
10350,unknown
28902,/q3Q00fCgeZGjAYaiwbfTMuIrUb0.jpg
14164,unknown
14844,unknown
57089,unknown
46829,/vdsSaFbBWl8N6RV2XJuPBFyKeV8.jpg
146238,unknown
9989,unknown
311,/i0enkzsL5dPeneWnjl1fCWm6L7k.jpg
102362,unknown
11162,unknown
17186,unknown
13967,unknown
9053,unknown
265208,unknown
45610,unknown
50135,unknown
271331,unknown
367961,unknown
10955,unknown
223702,unknown
254470,unknown
69,/p8lPTjvjOjTfvC1E9pmMwcF9vkn.jpg
4967,unknown
9449,unknown
11499,unknown
12771,unknown
12506,unknown
24071,unknown
277216,unknown
87,unknown
2043,unknown
315664,unknown
1428,/ETUpGxmLocsfER8GT8w5sOkRG0.jpg
562,/7Bjd8kfmDSOzpmhySpEhkUyK2oH.jpg
26320,unknown
14292,unknown
2832,/sYgimsiBywqVwJI8H4sETke8m7v.jpg
137093,unknown
699,unknown
9778,unknown
8831,unknown
9398,unknown
112949,unknown
10439,/by4D4Q9NlUjFSEUA1yrxq6ksXmk.jpg
3638,unknown
23483,unknown
62206,unknown
10577,unknown
218778,unknown
4348,unknown
78,/63N9uy8nd9j7Eog2axPQ8lbr3Wj.jpg
11780,unknown
192102,/paDgMlfQIrK6PCG5g7UYv9YOdmK.jpg
2001,unknown
10383,unknown
15198,unknown
10016,unknown
58431,unknown
9746,unknown
13092,unknown
59859,unknown
13495,unknown
254473,unknown
700,unknown
4964,unknown
1259,unknown
5125,/uW8gNhIJkNabd0AIafWqFRxB8Os.jpg
174,unknown
9583,unknown
9437,unknown
63574,unknown
245,unknown
9825,unknown
186,/x21s3p5wPww534nYj1cWakTcqz4.jpg
61891,unknown
13155,unknown
28355,/b16EjFeHd2AwoYXWUne7DA346pU.jpg
8080,unknown
5126,unknown
303858,unknown
16617,unknown
8944,/o88aPDDMtdwQsPyXqSKhu98jjru.jpg
37028,unknown
14560,unknown
1934,unknown
951,unknown
10189,unknown
9454,unknown
2055,/1mrNc88NrUEGtMtat4FD7sfpFrW.jpg
9358,unknown
134,/s9foMAcLg8GEzzQzer04qOGdD1k.jpg
134374,unknown
1901,unknown
11509,/k6zurzegRKsNGMICXZ57VJDUzXO.jpg
17047,/zlAltvp84rYVTYs3kdemqHBaiat.jpg
2057,unknown
16784,unknown
316002,unknown
238615,unknown
788,unknown
380,/iTNHwO896WKkaoPtpMMS74d8VNi.jpg
13223,/zUybYvxWdAJy5hhYovsXtHSWI1l.jpg
10523,unknown
239571,unknown
424,/sF1U4EUQS8YHUYjNl3pMGNIQyr0.jpg
11024,/5BrXCJrs22bR5KR6mLHluYo6y4m.jpg
6466,unknown
254024,unknown
12589,unknown
7191,unknown
1497,unknown
6977,/6d5XOczc226jECq0LIX0siKtgHR.jpg
168530,unknown
634,/olMTi7uCaec9Yr3Ar07D2SIja1G.jpg
10327,unknown
41630,unknown
11969,unknown
2085,unknown
9286,unknown
866,unknown
8699,unknown
769,/9OkCLM73MIU2CrKZbqiT8Ln1wY2.jpg
10923,unknown
11283,unknown
9416,unknown
7345,unknown
12277,unknown
2140,unknown
14177,unknown
10735,/gGpMruX59KWNuAXgHpiAm8hiChw.jpg
11351,unknown
10030,unknown
10623,/8iXpVITXenqPG8gQ0lCFpUMtZIx.jpg
9655,unknown
1268,unknown
11237,unknown
5123,/oA6ZeICPINiS6YtD5WZeBaGVmuT.jpg
4518,unknown
11165,unknown
6116,unknown
57431,unknown
21724,unknown
9290,unknown
11543,unknown
152737,/fvjxr77dfxdIOY3lvj0bHP4B5xT.jpg
13374,unknown
319888,unknown
9469,unknown
1909,unknown
22971,unknown
8051,unknown
9352,unknown
10167,unknown
18147,unknown
17170,unknown
18975,unknown
43931,/3dOFUWCue0ovlGpUhuEDmOikTPk.jpg
10861,unknown
12770,unknown
10397,unknown
200505,unknown
11954,/AeLmyhJNQd2BMFGER36ctAeDhIp.jpg
9787,unknown
293646,unknown
6978,unknown
133698,unknown
1770,unknown
10655,/k0XKdT3QbycMB8f2H7CEZVx2t4m.jpg
8988,unknown
15992,/7zRmopB7pnveyhFaCRSMZMiGO0v.jpg
17707,unknown
40001,unknown
21338,unknown
24264,unknown
19803,unknown
20309,/gHEI41EWj9dEscfEiKgw6a2uUez.jpg
9067,/dpX63vJd6k5fMTudLaEOw9ffX8h.jpg
27360,unknown
168705,unknown
72113,unknown
94352,unknown
22256,unknown
12404,unknown
39845,unknown
25353,unknown
36696,unknown
38543,unknown
33157,unknown
290864,unknown
83770,unknown
168,unknown
1246,/byBlJvZwCqgtIwrZNv0pyE974jC.jpg
4233,/dORlVasiaDkJXTqt9bdH7nFNs6C.jpg
174751,unknown
184098,unknown
11635,unknown
3600,unknown
2621,unknown
10358,unknown
10480,unknown
3558,unknown
13476,unknown
10208,unknown
20697,unknown
20761,unknown
70868,unknown
6478,unknown
40688,unknown
41283,unknown
19908,/dUkAmAyPVqubSBNRjRqCgHggZcK.jpg
9532,unknown
2787,unknown
152601,/eCOtqtfvn7mxGl6nfmq4b1exJRc.jpg
10866,unknown
21349,unknown
70435,/c9fJ0dYC30NnE9k2p61c0dqlZqW.jpg
580,unknown
9819,unknown
2453,unknown
6973,unknown
22215,unknown
11632,unknown
30596,unknown
3021,unknown
957,unknown
544,unknown
783,/rOXftt7SluxskrFrvU7qFJa5zeN.jpg
228194,unknown
10950,unknown
235260,unknown
8999,/bcCoOkwEBHUS5Y7Rm1u1oTLUHdb.jpg
10445,unknown
11453,unknown
146239,unknown
205588,unknown
82650,unknown
10279,unknown
2294,unknown
270487,unknown
19366,unknown
204082,unknown
1599,unknown
5550,unknown
30379,unknown
42586,unknown
17709,unknown
7548,unknown
12085,unknown
204922,unknown
38985,unknown
21494,unknown
4566,unknown
17795,unknown
1073,/4yYHyZuyTTQaEZuHKS7561jXjtR.jpg
153158,unknown
81836,unknown
10724,unknown
1499,unknown
20857,unknown
82693,unknown
1646,unknown
8456,unknown
19255,unknown
10187,unknown
31005,unknown
49517,/e0dZ7TapGY9HtJ9xk1TUHPEOccl.jpg
1946,unknown
772,unknown
840,/yaPx3cK9zGFX3SbcKwxWM1QIbUh.jpg
96,unknown
10678,unknown
8872,unknown
16290,unknown
579,unknown
14405,unknown
11637,unknown
226486,/efsVMziwE9BNTDX5fNmYVA5oAzJ.jpg
1584,unknown
9312,unknown
12153,/aHTUpo45qy9QYIOnVITGGqLoVcA.jpg
8326,unknown
76203,/xdANQijuNrJaw1HA61rDccME4Tm.jpg
13497,unknown
162,unknown
296096,unknown
376659,unknown
10073,unknown
16690,unknown
273895,unknown
8968,unknown
9760,unknown
314365,/8DPGG400FgaFWaqcv11n8mRd2NG.jpg
13279,unknown
33644,unknown
1649,/tldtDfLnPFOtTWp758EmIP2Hbz5.jpg
16052,unknown
40264,unknown
1164,unknown
239678,/rVUI2267FdetVWz9UBQbqTmRVhQ.jpg
14359,unknown
3989,unknown
76617,unknown
1710,unknown
20391,unknown
617,unknown
243,unknown
6933,unknown
38,/5MwkWH9tYHv3mV9OdYTMR5qreIz.jpg
38303,unknown
1266,unknown
19901,/xFZH2l9UOyIclk2ZFWNHQ38B2RP.jpg
34016,unknown
10069,unknown
9588,unknown
12819,unknown
9954,unknown
10115,unknown
25132,unknown
577,unknown
12690,unknown
13159,unknown
526,unknown
22796,unknown
2355,unknown
5915,unknown
61012,unknown
755,unknown
13682,unknown
470,/wZ0l6or5juuVWqDkLEgaghs4f9l.jpg
22074,unknown
290751,unknown
13805,unknown
4597,unknown
63492,unknown
81796,unknown
10710,unknown
15092,unknown
11382,unknown
15005,unknown
15070,unknown
17134,/7k7qhrO57sVoBLrNo5HYoTp24sT.jpg
41402,unknown
18885,unknown
4953,unknown
146198,unknown
2639,unknown
10563,unknown
295964,unknown
9716,unknown
31117,unknown
9074,unknown
14396,unknown
15673,unknown
42618,unknown
171274,unknown
24432,unknown
109417,/dB4L9yt9eFbVhx8tSuDUHoMeN4x.jpg
14220,unknown
46435,/nxHjVAVOFgWbD2RptBBCLVO6SIR.jpg
256962,unknown
82684,unknown
23367,/z654TmQygFasbyi52vwHv8fWxoi.jpg
10740,unknown
241239,unknown
14582,/2FMtSxzF2fR5dx5was9Kftjag0U.jpg
14914,/14gyR9JMVfngQlolzD2N365ZeRz.jpg
4960,/5UwdhrjXhUgsiDhe1dpS9z4yj7q.jpg
14652,unknown
40932,unknown
334531,/yFVCCtA5f07vyc9IYscmSJpvoPB.jpg
32316,unknown
112937,unknown
46503,/3RM8SyB0yHanJbYeHdgi5eLv21C.jpg
10448,unknown
43935,unknown
11458,unknown
241257,unknown
184341,unknown
581,unknown
52449,unknown
12150,unknown
694,unknown
105,/vN5B5WgYscRGcQpVhHl6p9DDTP0.jpg
385383,unknown
12090,unknown
16110,unknown
13523,unknown
25195,unknown
50725,unknown
22479,unknown
340611,unknown
11683,unknown
244339,unknown
1878,/tisNLcMkxryU2zxhi0PiyDFqhm0.jpg
2280,/eWhCDJiwxvx3YXkAFRiHjimnF0j.jpg
496,/kfkyALfD4G1mlBJI1lOt2QCra4i.jpg
8835,unknown
157,unknown
10402,unknown
218043,unknown
10147,unknown
816,unknown
302688,unknown
60307,unknown
106,/aN3cdjIK70KGmD84et8MMblU87Q.jpg
279,/gQRfiyfGvr1az0quaYyMram3Aqt.jpg
10625,/fXm3YKXAEjx7d2tIWDg9TfRZtsU.jpg
10934,unknown
5279,unknown
10013,unknown
160588,unknown
9829,/r3mdSgsnpoi4UiUufdybhjha68t.jpg
10028,unknown
10535,unknown
790,unknown
43959,unknown
10364,unknown
16991,unknown
9610,unknown
1578,/1WV7WlTS8LI1L5NkCgjWT9GSW3O.jpg
25643,unknown
11904,unknown
44115,/h0RMdn0rfl9l5hWXz3tUh6QVkhi.jpg
10569,/eIJRFZFDmh0xXPlKt3WwN5fiSLe.jpg
10560,unknown
333348,unknown
20483,unknown
11457,unknown
321697,unknown
19840,unknown
22327,unknown
11644,unknown
146227,unknown
253235,unknown
22102,unknown
18701,unknown
522,unknown
130150,unknown
13809,/6mLXG2f7LBRpbZZgxsOFO5scgzd.jpg
27380,unknown
33870,unknown
245703,unknown
10739,unknown
43434,/ee6EiUOXdvr7DvnBBEG691TNSKh.jpg
31166,unknown
69848,unknown
332411,unknown
9389,unknown
9626,unknown
75638,unknown
10982,unknown
205,/p3pHw85UMZPegfMZBA6dZ06yarm.jpg
1620,unknown
175541,unknown
241254,unknown
679,/r1x5JGpyqZU8PYhbs4UcrO1Xb6x.jpg
11113,/bTXVc29lGSNclf94VIZ49W4gGKl.jpg
3597,unknown
193893,unknown
9988,unknown
21765,unknown
7516,unknown
2752,unknown
38117,unknown
13778,/eyn1WbZmUUIXU8QoorKWJTQ1iLg.jpg
228203,unknown
41382,unknown
13960,unknown
114150,/gsFoJk9g8W3zgaipRrrURk7LbiF.jpg
26602,unknown
15639,unknown
26390,unknown
27759,unknown
109428,unknown
23049,unknown
9310,unknown
11411,/nJFBeU1oKIaIoLVyQYUeB36DW55.jpg
16988,unknown
58048,unknown
10629,unknown
255343,unknown
4723,unknown
25763,unknown
79694,unknown
18615,unknown
10673,unknown
2977,unknown
10760,unknown
11093,/hLxSOukLfC4j5pNbdE7lqaw8KgL.jpg
207,/erzbMlcNHOdx24AXOcn2ZKA7R1q.jpg
639,/rFOiFUhTMtDetqCGClC9PIgnC1P.jpg
9285,unknown
14709,unknown
13788,unknown
83666,/y4SXcbNl6CEF2t36icuzuBioj7K.jpg
318850,unknown
39180,/29iKqRGRcNqhrT710ohxVq5WwcE.jpg
16161,unknown
10956,unknown
9594,unknown
4638,/zPib4ukTSdXvHP9pxGkFCe34f3y.jpg
5038,unknown
10571,unknown
10994,unknown
19994,/wrkjsGcFJxcQqR56kJUYAEKKg2T.jpg
25166,unknown
30890,unknown
23169,unknown
17403,unknown
12120,unknown
9800,unknown
18074,unknown
9689,unknown
9781,unknown
8009,/8Z8dptJEypuLoOQro1WugD855YE.jpg
3877,/fyMziX8tPzPSguUgOpKWkKK322S.jpg
12657,unknown
12410,unknown
34647,unknown
35696,unknown
16351,unknown
38717,unknown
2110,unknown
90,unknown
771,unknown
12154,unknown
9576,/ngyCzZwb9y5sMUCig5JQT4Y33Q.jpg
744,unknown
14,unknown
9493,unknown
33196,unknown
205596,/zSqJ1qFq8NXFfi7JeIYMlzyR0dx.jpg
10765,unknown
16769,unknown
33217,unknown
11153,/q3DvoqY06yZnRp9faH6uge7n7VP.jpg
4011,unknown
11870,unknown
586,unknown
134411,unknown
287903,unknown
2142,unknown
11397,/9ZaGxvj1mqdKVLpSloq4mzS7SK6.jpg
77016,unknown
266856,unknown
13411,unknown
947,/AiAm0EtDvyGqNpVoieRw4u65vD1.jpg
11132,unknown
1562,unknown
232679,unknown
17880,/oMUFS7HmIyTeui5xuoIEkPYTWC8.jpg
9434,unknown
23706,unknown
11531,unknown
116,unknown
38843,unknown
4995,/wnE24UPCPQsQnbBOu4zVE2qaDNm.jpg
10413,unknown
14012,unknown
12212,unknown
13768,unknown
342521,unknown
45272,unknown
9424,unknown
18681,unknown
11495,unknown
64689,unknown
157849,unknown
13166,unknown
37003,unknown
13816,/d1KW3hrGAJCsvs2GC2MCkYebD2u.jpg
22798,unknown
7501,unknown
37718,unknown
15237,/QBqiBQW7MGqlDSyvid4fKzS0Xz.jpg
9686,unknown
17644,unknown
12257,unknown
13539,unknown
68,unknown
14024,unknown
7874,unknown
4911,unknown
16222,unknown
9557,unknown
57943,unknown
18276,unknown
8321,/vz3Vd6nfq9YZrVvyYx5RHFaYKV3.jpg
72359,unknown
25704,unknown
19265,unknown
36047,unknown
2290,unknown
5236,/aWfjIkpENFX6Uw82pET7EQ6jnrd.jpg
6552,unknown
1018,/x7A59t6ySylr1L7aubOQEA480vM.jpg
10075,unknown
38031,unknown
6687,unknown
31306,unknown
8461,/zs92sAOh3Q0kDIJkgaJFTBzSFka.jpg
331592,unknown
47692,unknown
400,/3LxYzYybOVpnw0juCSlNL5cj8NK.jpg
11190,unknown
23759,unknown
24206,unknown
75033,unknown
31668,unknown
172391,unknown
9288,unknown
40880,unknown
137,unknown
264999,unknown
1951,unknown
12405,/5leCCi7ZF0CawAfM5Qo2ECKPprc.jpg
10998,unknown
114,unknown
9396,unknown
319910,unknown
2604,unknown
864,unknown
14435,unknown
1931,/dald9tUbRmGQ91CUJnzaBAjjvUf.jpg
9877,/dUvZDNU9G0njhM628NA5phASntq.jpg
62008,unknown
15173,unknown
8291,unknown
13950,unknown
12158,unknown
11586,unknown
2830,/6z6ehjP1GyMLFeja9pHGGZb9B2.jpg
34563,unknown
14557,unknown
10368,unknown
10280,unknown
34152,unknown
14434,unknown
11470,unknown
82679,/h9DYic4zo3Oweb11009FmqZBxN4.jpg
1440,unknown
1123,unknown
87729,unknown
41317,unknown
245700,unknown
9045,unknown
44092,unknown
43949,unknown
142,unknown
9603,unknown
10712,unknown
243938,unknown
10876,unknown
86838,/4ukEYAxlSivFcDG6vLxJB6PjTjg.jpg
613,unknown
801,unknown
54518,unknown
44214,unknown
9816,unknown
339984,unknown
11967,/3AgCq7xY1rHRAAn0iVcnNr2OWL.jpg
239563,unknown
222899,unknown
4951,unknown
332567,unknown
1954,/ea5iv7TWMh18fOKoRGgmtcg85Gx.jpg
15489,unknown
15250,unknown
22345,unknown
38223,unknown
11186,unknown
136835,/wcDLqCS70LsPcovieuQrb311Qr1.jpg
264660,/dmJW8IAKHKxFNiUnoDR7JfsK7Rp.jpg
492,/31FGQu3OnwdmS4COquENe0vMZc0.jpg
25462,/oDWVsSJMXvDeX9KohSOtfqCFD7e.jpg
238603,/yiNPza51nLvVTWTB9q4ifzfUlml.jpg
10691,unknown
1251,unknown
58680,unknown
14577,unknown
11592,unknown
16406,unknown
19052,unknown
3682,/gLjt54vow8CEOHdgRkQCyXwbq52.jpg
9683,unknown
2084,unknown
13074,/rJKTZf2QIhUwvqsfkher1JlLCdZ.jpg
144340,unknown
28211,unknown
47502,unknown
9950,unknown
24227,unknown
9672,unknown
157544,unknown
59678,/wzCMnA6NDruLzgWeqMcLPDrGAdF.jpg
79777,unknown
407887,unknown
8952,unknown
13435,unknown
17187,unknown
319,unknown
9504,/zcaEDx8KlVfh4vKfMNLhiSi5Oz4.jpg
26688,/voIQd9TDplumz9wInHwj6bRyHnu.jpg
6615,unknown
16,/pWzOfTJRZHPNO1VNrMnNFqRcJwg.jpg
36691,unknown
45324,unknown
578,unknown
2105,unknown
67660,unknown
10611,unknown
154,unknown
3049,unknown
860,unknown
9281,/kOymD1rChAMykmDVEzJpIh4OYS7.jpg
75674,unknown
9762,unknown
3179,unknown
184,unknown
13335,unknown
76726,unknown
10269,unknown
36819,unknown
11202,/rLM7jIEPTjj4CF7F1IrzzNjLUCu.jpg
9357,/fuSIN3Nq6dmaA8LZSkASpQueFO1.jpg
13812,unknown
19084,unknown
8386,unknown
1360,unknown
101267,unknown
222935,unknown
10220,unknown
284296,unknown
11601,unknown
205220,unknown
14191,unknown
286565,unknown
26710,unknown
129670,unknown
34549,unknown
57157,/4tGMz5xUs9sk8X9B28G6UalHK1d.jpg
1948,unknown
46889,unknown
38093,unknown
14976,unknown
3635,unknown
6020,unknown
122906,unknown
60599,unknown
227719,unknown
14299,unknown
14799,unknown
9466,unknown
7510,/pbWUFYyyZzawsYljkbIKmDxQN8Y.jpg
31246,unknown
61752,unknown
10944,/c8Xg0yc8UQwDXooffBNLLs2BvQH.jpg
10362,unknown
14778,unknown
10212,unknown
8669,unknown
86825,unknown
844,unknown
8060,unknown
15907,unknown
38448,unknown
9260,unknown
61337,unknown
89325,unknown
4170,unknown
12479,unknown
10133,/7wYwmDuCbdKF7sAcLj7eqrNaiam.jpg
61984,unknown
50601,unknown
26466,/cRlMrbc4Iof7vN0ZqHwJnMBYBLi.jpg
345003,unknown
236751,unknown
107,/kJZoAHq1SLDdWjeNGtlHAnGpmFV.jpg
18530,unknown
927,unknown
291870,unknown
907,unknown
11887,unknown
12094,unknown
10377,unknown
249164,unknown
256092,unknown
9942,unknown
10748,unknown
1817,unknown
796,/76cCsRtQ5MJBAqoigojXsLXLJwh.jpg
22804,unknown
10156,unknown
17708,unknown
13937,/5vRn138vnZeUNFe32qTuPGKkVLR.jpg
28932,unknown
167073,unknown
3175,/A0byHUHMwZ7dtBQtfZ44QIgDbjo.jpg
10646,unknown
12149,unknown
304357,unknown
11184,unknown
766,/xsgTuAtR2zSH8Umg3jWZcZjlDpe.jpg
20009,/g3xn7tRnGxVwwKc2tge7nPssywQ.jpg
1587,unknown
11109,unknown
86829,unknown
11065,unknown
13888,unknown
13994,unknown
1590,unknown
11917,unknown
4657,unknown
14395,unknown
62,/ve72VxNqjGM69Uky4WTo2bK6rfq.jpg
601,/an0nD6uq6byfxXCfk6lQBzdL2J1.jpg
13067,/qbfVeY8sE3luiRXYZTPT9rjV6p1.jpg
25379,unknown
88641,unknown
58051,unknown
14877,unknown
304410,unknown
489,unknown
373314,/agQHIsW5nLbKS5exd79NhUw9uY8.jpg
214,/4iO9n24Rb10peXV0JH2EldIOrAp.jpg
10890,unknown
1588,unknown
316727,unknown
10314,unknown
663,/ku1QdCXOU4ckz3zxLLlis8MIJVm.jpg
11804,unknown
9614,unknown
8922,unknown
1648,unknown
17917,unknown
19405,unknown
9355,unknown
44040,unknown
10426,unknown
280092,unknown
12182,unknown
1832,/oxhHl2YokTqcP44QK5tiTgjgLgk.jpg
15301,unknown
20616,unknown
15037,/r3a5gGWfS0SDS9nriNrJzSSrErf.jpg
11336,unknown
283445,unknown
10984,/jMtWV4FixMGTgUjbr9NFVEANGYQ.jpg
15983,unknown
14544,unknown
11545,/hSJ6swahAuZ8wM96lHDTwQPXUvZ.jpg
42684,/7pdUFPw76zGwDKbNpXxJknh0YWB.jpg
268238,unknown
8359,unknown
41823,unknown
11891,/gVsZ1hsJ9g11oCCav4N8ccp9bRw.jpg
9902,unknown
103731,unknown
10090,unknown
164558,unknown
17710,unknown
75900,unknown
27322,unknown
14120,unknown
87093,unknown
10029,unknown
11507,unknown
37931,unknown
3472,unknown
87818,unknown
13160,unknown
88005,unknown
52067,unknown
73,/x2drgoXYZ8484lqyDj7L1CEVR4T.jpg
13201,unknown
209403,unknown
73247,unknown
253331,unknown
34043,unknown
9952,/ymPlV2ymUBSctfRzpehFOxFmJiS.jpg
256924,unknown
82532,unknown
27342,unknown
13689,/r4VQCZe3aSo7TmmsxcyLqaoMR1l.jpg
67911,unknown
24664,unknown
47890,unknown
252512,unknown
29339,/uLilCY2We3Ore9Ke7CdafntHvmT.jpg
32740,unknown
14195,unknown
73567,/6Tt1TQeOI4TpXu1cBUgNGNGeznW.jpg
15394,unknown
1989,unknown
91076,unknown
12779,unknown
13191,unknown
222649,unknown
101173,unknown
25350,unknown
10034,unknown
20178,unknown
5072,unknown
31007,unknown
11546,unknown
41894,unknown
184374,unknown
24663,unknown
22805,unknown
39055,unknown
245846,unknown
15017,unknown
16358,/u56l2hEhbiVHT4wcjBapcVtAtY6.jpg
66767,/nZCPl2Du2PRkky4Mzb4YiXk9C1Q.jpg
17622,unknown
18516,unknown
217708,unknown
42057,unknown
14608,/qCq3QZbrf2ENAEyPJVaCGbWOQ1N.jpg
34417,unknown
43090,/8Y4pBlpDZzzDYCJlsrhgwmFNYM8.jpg
16614,unknown
10471,unknown
250066,unknown
667,unknown
208869,unknown
86837,unknown
10306,unknown
106845,unknown
11576,unknown
219,unknown
11827,unknown
22820,unknown
244316,unknown
37737,unknown
62215,unknown
66125,/cbLh0tVqjqcDnob7w79XkIQ7gGI.jpg
132316,unknown
348,/vfrQk5IPloGg1v9Rzbh2Eg3VGyM.jpg
14811,unknown
660,/wCc4qllaTDsQN8zgGkAgQrKO6N9.jpg
68684,unknown
40794,unknown
9400,unknown
2359,unknown
10472,/pqEEtX4S8j2XqZ9JAD97fz2DPkV.jpg
6521,unknown
14181,unknown
1621,unknown
16428,unknown
10705,/w9R2HsYNnfF3m9uEo2UAmPNJr8a.jpg
9685,/f53JBgzYESamcYT3LkUeeoSXPgi.jpg
14425,/xTToUzy9Im9nu2W8fz7TPWoDWN5.jpg
15568,unknown
14057,unknown
12621,unknown
1808,unknown
293670,unknown
29514,unknown
250349,unknown
12454,unknown
17926,unknown
41248,unknown
25968,unknown
9671,unknown
52010,unknown
43418,unknown
71157,unknown
13483,/xqooV6lR1Kdx4Q52Sim0aGbDTYP.jpg
327833,unknown
25196,unknown
175528,unknown
8069,unknown
9451,/fbo0IYzBc32dD5SjFzKIgfp4O4F.jpg
272693,unknown
10696,unknown
29963,unknown
26022,unknown
152747,/9cVA4oX2xHgiglv6hemxwAaofsq.jpg
20360,unknown
185008,unknown
14353,unknown
680,/vQWk5YBFWF4bZaofAbv0tShwBvQ.jpg
242582,/j9HrX8f7GbZQm1BrBiR40uFQZSb.jpg
11217,unknown
2619,unknown
773,unknown
235,/vz0w9BSehcqjDcJOjRaCk7fgJe7.jpg
170,unknown
14114,/nFwT3QisWFQa3Wlfnw1gC458xJn.jpg
10734,unknown
37964,unknown
40807,unknown
225565,unknown
16471,unknown
385736,unknown
668,unknown
14429,unknown
13751,unknown
9490,unknown
14536,unknown
1359,unknown
209263,unknown
37735,unknown
10873,unknown
51588,/pOYSCjYylOsEPkql3m9gcV1jycR.jpg
14629,unknown
8293,unknown
291270,unknown
1958,unknown
13154,unknown
26618,unknown
43923,unknown
46138,unknown
26306,unknown
198277,unknown
7870,unknown
13072,unknown
10288,unknown
12192,unknown
13197,unknown
10913,unknown
251321,unknown
10425,unknown
256687,/3DJ8KOT2t8y8FiLn3hrMyPT9MyS.jpg
1544,unknown
374461,unknown
302,/10xMAznUxI0LZPYyPxA9WjJsThr.jpg
182873,unknown
389425,unknown
403,unknown
29461,unknown
283708,unknown
9388,/41bMmglWT72OaRXrMROEyksOf3J.jpg
1691,unknown
2610,unknown
11022,unknown
34341,unknown
15365,unknown
36046,unknown
12569,unknown
2577,unknown
73873,unknown
312113,unknown
2011,/aU8i2QAdTyRR1nYb36Gq51xXP8p.jpg
301365,unknown
25941,unknown
7326,unknown
681,/ooDT0eKrWCxJCsn9JehPkD0QYNj.jpg
535,unknown
19913,/qXAuQ9hF30sQRsXf40OfRVl0MJZ.jpg
77930,unknown
253,unknown
17908,unknown
8390,unknown
3291,unknown
398,/tzsxkZMnJvozpHQEl1KzO8KwWu.jpg
8068,unknown
10803,unknown
24977,unknown
79316,unknown
2074,/uIcgXQYm2eqguUaYdbolQ4LWpMy.jpg
308639,unknown
22314,unknown
2662,unknown
77156,/77aIcIiYidhg4YFlNEXChaBk9R6.jpg
44718,unknown
241771,unknown
14578,unknown
57825,unknown
9555,/vs8ATIRGEEYpcByrNtJ1WyI3LeD.jpg
15581,unknown
12400,unknown
39053,unknown
14112,unknown
71859,unknown
226354,unknown
33676,unknown
37080,unknown
25388,unknown
39210,/zOf1sdfF4eH3CVRCpmRO5ugVGdo.jpg
30128,unknown
31535,unknown
44835,unknown
192134,unknown
1956,unknown
15013,unknown
277519,unknown
8879,/kpAN5WnDEVWYzMDPkXHTbrDQuak.jpg
9571,unknown
13649,unknown
325373,unknown
334527,unknown
13919,/uMb26IjDgdq8p4H3XNO1CAsjT4m.jpg
14576,/2uK217wp1SSFgbIcwDaPrzlLd7X.jpg
82505,unknown
46738,/yH6DAQVgbyj72S66gN4WWVoTjuf.jpg
250546,unknown
38415,unknown
650,unknown
8998,unknown
10496,unknown
4836,unknown
14631,unknown
18923,unknown
26665,unknown
28089,unknown
338,unknown
2293,unknown
621,unknown
792,/m3mmFkPQKvPZq5exmh0bDuXlD9T.jpg
1777,unknown
642,/gFmmykF1Ym3OGzENo50nZQaD1dx.jpg
433,unknown
16619,/tJVETEDAKgD3fEh88SHOvMvOQue.jpg
1725,/nzCMu6D5q60i2bVrIQ0DxlRSgCZ.jpg
11977,unknown
20322,unknown
32275,unknown
13785,/qkYBCMN26SxkQww4gLxUXQm5vr4.jpg
1103,unknown
36739,/vnfjKHcmah7ReMxLNF18JMXFgSZ.jpg
14144,unknown
11191,unknown
10215,unknown
25066,unknown
11361,unknown
12509,unknown
15256,unknown
80304,unknown
28053,unknown
67913,unknown
8545,unknown
19556,unknown
231576,unknown
16172,unknown
13403,unknown
15797,unknown
347764,/5zrBskQtkPzthObgssDuUTG7hcd.jpg
20794,unknown
18602,/mQqOG4w5xAlmtIxRUqodECYuJ5l.jpg
27549,unknown
58882,unknown
7547,unknown
35944,unknown
13827,unknown
44260,unknown
9282,/3TFB0Doe92l9Jgc5qtUnE6r9rqt.jpg
38940,unknown
35689,unknown
58626,unknown
837,unknown
244783,/a6dSJIEMxZFvQ7XJy4sf9fR0p7f.jpg
168027,unknown
135595,/fEr6rVOHpXpnBK2WRZZ1wn0PEF9.jpg
89861,unknown
455,/2dzSBmFWWqt8NbnubJKIWU21Y86.jpg
57022,unknown
14351,unknown
147767,unknown
10664,unknown
55567,unknown
9443,unknown
7863,/cbmThowj2XAW7lKlMAXmnhZvjGI.jpg
138697,unknown
11901,/AjkJCFkqanK1OZqiHxc6Kl2wPQO.jpg
1548,unknown
33155,unknown
321,unknown
925,unknown
27451,unknown
51995,unknown
84204,unknown
25248,/3MdWgqUunIBWnc7mYi2dtZrD54Y.jpg
16633,/hmdegiSwVYUNvEfihaE3HRM3Sos.jpg
63006,unknown
91586,unknown
215,unknown
333371,/q8A39vcBDruhvoDTJd6L8a4lnTi.jpg
9012,unknown
72571,unknown
242512,unknown
82990,unknown
227348,unknown
1955,unknown
152532,unknown
243940,unknown
77,unknown
157547,unknown
2295,unknown
71,/mYtqgWCJiXpDeZwjVcC3OQGD8IR.jpg
16096,unknown
16508,/hZduJdSSWCkmvnBpNyRaIszubVm.jpg
2895,unknown
15660,unknown
59968,unknown
323677,/ubbNizkhjEYw06XB7b0YMgsHXG1.jpg
19848,unknown
256274,unknown
235271,unknown
45153,unknown
284293,unknown
21610,unknown
10283,unknown
8346,unknown
122081,unknown
747,/dgXPhzNJH8HFTBjXPB177yNx6RI.jpg
11357,unknown
24913,unknown
13776,unknown
14854,unknown
50357,unknown
13090,/xwtJyfme086wcz9MXpP0i5Hrgxy.jpg
29996,unknown
351819,unknown
14834,unknown
378200,unknown
20455,unknown
13193,unknown
10786,unknown
17339,unknown
11959,/wxx5YQLKVH1WMSRXQAUnC76r4iY.jpg
15745,unknown
17431,/35IU0Mq0zFsN1mYwDGts5mKc77n.jpg
21014,unknown
13996,unknown
1024,unknown
343795,unknown
16148,/yFALvZFwqnh5ESarNoVd5KtizCo.jpg
4553,unknown
36351,unknown
245916,unknown
27585,unknown
313922,unknown
8744,unknown
8847,unknown
51384,unknown
56930,unknown
41730,unknown
11600,unknown
71547,unknown
57876,unknown
19615,unknown
244403,unknown
340816,unknown
297596,/gL6riNxQeyPXT5YsgqE2aWhl1zi.jpg
299552,unknown
11935,/bxsCARg2rxQ2PzFW5ZsADLT9e9c.jpg
290825,unknown
361159,unknown
31175,/9Y2OQ7MFouzmVCMqqvZPLrzHF0F.jpg
12498,/ivBIBd1LNaozcmytZUyE1yIXZms.jpg
1690,unknown
64720,/dldIX0q5jewe8rSyCh8d5I1RYx3.jpg
11404,unknown
300706,unknown
77987,unknown
68202,unknown
8981,unknown
10822,unknown
9336,unknown
5689,/k6KsThCeoxxHDbVnlHLdTlf5wsy.jpg
712,unknown
13342,/s1DA8H7qwoOcAEhow2rCzuQtpuO.jpg
1429,unknown
641,/9BTwsLaMVHOGFlmsSlx5QYCaXb.jpg
6106,unknown
141,/j2AtZFsflxiluaNtajMTI0Avm8C.jpg
12079,unknown
39800,/qXCuzXPqd21orMT59JbGV01VRMT.jpg
9991,unknown
13807,unknown
68818,/3QtOCerjSPkS9fo8IBwDr7qAwoj.jpg
36419,unknown
281730,unknown
510,/kjWsMh72V6d8KRLV4EOoSJLT1H7.jpg
362105,unknown
10970,/AeaoOSqEU3elkpDAlKbIWcdKLJ8.jpg
375290,unknown
17663,unknown
270938,unknown
11826,unknown
29920,unknown
1088,unknown
26379,unknown
10947,unknown
47452,unknown
10246,unknown
29426,unknown
153,/3jCLmYDIIiSMPujbwygNpqdpM8N.jpg
703,/dEtjPywhDbAXYjoFfhBC4U9unU7.jpg
1365,unknown
287424,unknown
451,unknown
40494,unknown
8337,unknown
85350,unknown
512,unknown
47816,unknown
2370,unknown
9809,unknown
5,/75aHn1NOYXh4M7L5shoeQ6NGykP.jpg
11013,unknown
10132,unknown
16448,/zuArI6EBpV6mExrvfnyidoOtzdf.jpg
15122,unknown
8141,unknown
1546,unknown
48572,unknown
14517,unknown
27551,unknown
309503,unknown
14293,unknown
103328,/4ZuTrrDQhCS9f6KzIX6HfsjjyMd.jpg
25719,unknown
48309,unknown
27723,unknown
242575,unknown
125123,unknown
111190,unknown
52015,unknown
34941,/5AM1oDIlsWBBLYecetUAHOWv9dW.jpg
227975,unknown
60422,unknown
10981,unknown
14902,unknown
121676,unknown
22301,unknown
114635,unknown
158150,unknown
10774,/qZomlHsaALUtkFeMDwdYmwS2Pbo.jpg
770,/lNz2Ow0wGCAvzckW7EOjE03KcYv.jpg
266102,unknown
29715,unknown
25209,unknown
37495,unknown
34769,unknown
35032,unknown
3116,/ckklq45UxUkwgHve9xItXqXr06r.jpg
813,/7Q3efxd3AF1vQjlSxnlerSA7RzN.jpg
10634,unknown
9516,unknown
16288,unknown
26268,unknown
40505,unknown
11363,unknown
3033,/awvJH3NtXoStsjAtXKr99hfuVaG.jpg
22007,unknown
10615,unknown
89540,unknown
14256,unknown
540,/cMwLTcG5aVBYeh5W6SVSfowboAf.jpg
370464,unknown
39303,/duqvQOzzjJ4W3yjZIjE10KM8dFw.jpg
370662,unknown
252360,unknown
256740,/dTxOsk0wVG1EgyCbWbaNxQXZLxy.jpg
12535,unknown
50839,unknown
598,unknown
11129,unknown
75861,/naQRUuVa4j0uIrgxACIeFlwgKSn.jpg
12586,unknown
11564,unknown
108346,unknown
805,unknown
55347,unknown
8469,/fWooBbipMRIKeSRhEzmeaDV0T8H.jpg
658,unknown
125490,unknown
1585,/bSqt9rhDZx1Q7UZ86dBPKdNomp2.jpg
627,/1jUC02qsqS2NxBMFarbIhcQtazV.jpg
41436,/gfdrkBZAyUUXJJ2iLQe03SAYRD3.jpg
1430,unknown
82507,unknown
20337,unknown
261,/5djZZECgqDGuSI1INmrdAcGRBb0.jpg
1685,unknown
20737,/kDfzh6QdX2tseTwwyB7lp2RP7iE.jpg
10225,unknown
34086,unknown
5854,unknown
10285,unknown
5780,unknown
223485,/j3PmbRZvf5KpNbapSjn8b0CpD6a.jpg
29463,unknown
18065,unknown
22013,unknown
821,unknown
53862,/gKdbdPg6Ye8TOpGGDFQ0NeVVSSI.jpg
3089,/jyNTsAzrIWB441OtvfbgKtx1kFS.jpg
30139,unknown
132344,unknown
15582,unknown
15158,unknown
44634,unknown
30309,unknown
10557,unknown
23531,unknown
40247,unknown
252,unknown
24126,unknown
13982,unknown
16642,unknown
18892,unknown
549,unknown
121986,/jrq1NoKvsxWCcffVOjegiYwloFN.jpg
868,unknown
17995,unknown
670,unknown
35691,unknown
49010,unknown
317930,/fs166jcsSkRhOvblIEPnFs04aXS.jpg
11229,unknown
22488,unknown
24469,/rI3MKBDsWzQHi9PWDAMKkgmYcff.jpg
82533,unknown
84174,unknown
79940,unknown
342,unknown
281230,unknown
38033,unknown
100975,unknown
38541,unknown
234212,/ne0wAvbmzk72svslxjuFySrXEKw.jpg
27404,unknown
170480,unknown
71866,unknown
192210,unknown
180296,/ifvKTtvmPYOGed2hP9ogPq98In7.jpg
157058,unknown
70006,unknown
176077,unknown
260947,unknown
342502,unknown
191229,unknown
248,unknown
325173,unknown
351043,unknown
43942,unknown
66942,unknown
356483,unknown
10476,unknown
239,/hVIKyTK13AvOGv7ICmJjK44DTzp.jpg
10281,unknown
3034,/3BvvVKPg9yucChlSvQtJxAbLmj9.jpg
13025,unknown
21461,unknown
55306,unknown
15875,unknown
5900,unknown
11072,/vNw1gOEDdYTDeNMuuq8OmiEHrfH.jpg
209274,unknown
26371,unknown
14137,unknown
291,unknown
33106,unknown
8875,unknown
872,/w03EiJVHP8Un77boQeE7hg9DVdU.jpg
126509,unknown
9591,unknown
10676,unknown
1687,unknown
24748,/A168bF52vmAIGkC2Qafj7M2EmaE.jpg
181330,unknown
468,unknown
401,unknown
76,/kf1Jb1c2JAOqjuzA3H4oDM263uB.jpg
25636,/A2lVDbF1oTuCMlh69vLnqugWEAM.jpg
21074,unknown
84329,unknown
20,/pFEtVPW88pWflYV84UFL0h1iJr3.jpg
157386,unknown
13007,unknown
46849,unknown
40428,unknown
20764,unknown
45132,unknown
76706,/dumR7pD3PxK200RzJNycAZlMmIC.jpg
254472,unknown
332285,unknown
49471,unknown
7512,unknown
356216,unknown
11798,unknown
146631,unknown
43546,unknown
61038,unknown
78373,unknown
283384,unknown
756,unknown
9916,unknown
309425,unknown
297621,unknown
16205,unknown
6007,unknown
8329,unknown
347548,unknown
322443,unknown
657,unknown
11561,/YTYSziZZP5aXt5CDvdEMwKDzme.jpg
270303,unknown
595,/gZycFUMLx2110dzK3nBNai7gfpM.jpg
226,/eB505ycEhFVfMwGglIzXNUyKAIs.jpg
92182,unknown
72213,unknown
55604,unknown
20862,/dZ6smtO2cEm3nxVhWscYfKS0mYX.jpg
2771,/rPLMxuk82AiqDiwEUVJ6E7WpjYs.jpg
80,/4sW5XH9ZfYXpvFzev00S1IGAEbg.jpg
11023,unknown
33667,unknown
39013,unknown
11194,/fsydA5H8FSDaYlYWddfMpMpDUX.jpg
43839,unknown
1382,/hrj9VsInHnqSDBhEc2FvY0qd79F.jpg
301351,unknown
4816,unknown
7873,unknown
15186,unknown
17994,unknown
1378,unknown
48382,unknown
12901,unknown
250124,unknown
57120,unknown
12228,unknown
22617,unknown
55561,unknown
10656,unknown
24363,unknown
24746,unknown
325140,unknown
12109,unknown
27023,unknown
22913,unknown
67373,unknown
171759,unknown
206296,/dxTLKSTyGb5IXB64iNgU9AWAsXT.jpg
28260,unknown
13075,unknown
335866,unknown
13510,unknown
215881,unknown
50698,unknown
115210,unknown
11302,unknown
18616,/1LAjKJ2Xcmb1ixIKq6ZA3LVq871.jpg
95755,unknown
198062,unknown
174311,unknown
12602,unknown
153795,unknown
98549,unknown
312793,unknown
309919,/fTpYTV0a23Diw344tE199bIHo7l.jpg
299553,unknown
32235,unknown
329540,unknown
26388,unknown
159037,unknown
157293,unknown
14048,unknown
33511,/1rFcosLtBnGL2ru0IPtwx3QSeKK.jpg
935,/6x7MzQ6BOMlRzam1StcmPO9v61g.jpg
84175,unknown
1705,unknown
62677,unknown
44562,unknown
37232,unknown
4929,/gFvRKgCAa1MKlcAKZfoDNdR2dgy.jpg
36334,unknown
9783,/285yCXj3JIe7rXdedZJ0FD4KPnS.jpg
386826,unknown
98557,unknown
246449,unknown
1688,unknown
1999,unknown
24066,/5bUoL781c0YdWmqtcNWjbPATyAb.jpg
9709,unknown
191714,/jSOiz1h97i3qwjZJXY8SeLvjPsl.jpg
25312,/70PQCYF3ExuKHqyieJhYV0GJg9H.jpg
34106,unknown
11426,unknown
13909,unknown
206284,unknown
27455,/bCBsJyLnZbnlfwooB5733LLXF24.jpg
25428,unknown
10758,unknown
11690,unknown
3083,/nDjg1fbNyq15excNDl3acd2IqAk.jpg
15647,unknown
308529,unknown
20156,unknown
49018,/1egpmVXuXed58TH2UOnX1nATTrf.jpg
13820,unknown
507,unknown
14054,unknown
323271,unknown
10972,unknown
13066,unknown
66025,unknown
11908,unknown
3082,/7uoiKOEjxBBW0AgDGQWrlfGQ90w.jpg
39541,unknown
1961,/et2f1JBW533ZzYiCEA2T7nwzcs1.jpg
291362,unknown
30082,unknown
72913,/fKSc6ZB8DOdwxtSBPjv7NjGMWBr.jpg
23963,unknown
29406,unknown
253306,unknown
29595,unknown
137347,unknown
290370,unknown
426469,unknown
356841,unknown
301325,unknown
408,unknown
39209,/ywxINymAsSGAJmPvDqMkdFY3PNH.jpg
48463,unknown
394047,unknown
266034,/fYHOfbx9Xuxbu6LJBJA9EPom70Q.jpg
218500,unknown
27845,/2DtoVhI9RkArGbzkvctGxY578QN.jpg
25784,unknown
52790,unknown
100275,unknown
295914,unknown
42033,unknown
223,/1qz3qUOHnVy7dL7M7G8jSErxE4b.jpg
9725,unknown
23730,unknown
84197,unknown
19997,unknown
43266,unknown
278316,unknown
1412,unknown
39939,unknown
215924,unknown
480,unknown
14295,/7mGFmij1FZD5eUnNwvUjmpqrDl6.jpg
20770,unknown
176124,unknown
500,/xi8Iu6qyTfyZVDVy60raIOYJJmk.jpg
310569,unknown
98369,unknown
89750,unknown
355629,unknown
16433,unknown
15544,unknown
107315,unknown
137955,unknown
59917,unknown
157422,unknown
310933,unknown
7553,unknown
12877,unknown
55616,unknown
29697,unknown
50037,/uhomcCTQ3lO8L6mLhkCMypsnroO.jpg
94329,unknown
289,unknown
27374,/g0zCELYfBfSv8TOGC13buABVN53.jpg
811,/ahasZ5HILZHtlrl6cbXgpfk0y8H.jpg
1366,unknown
244776,unknown
5769,unknown
277685,unknown
646,unknown
93856,unknown
9003,unknown
347126,unknown
46705,unknown
546,unknown
5722,/eslylQSssnNIV4f06fHtfxPTH3I.jpg
39833,unknown
18712,unknown
7944,unknown
171424,unknown
361475,unknown
18570,unknown
83860,unknown
41469,unknown
244772,unknown
50837,unknown
248774,unknown
10183,unknown
32456,unknown
49963,unknown
13508,unknown
9707,unknown
26791,unknown
56666,unknown
8675,unknown
13132,unknown
47686,unknown
46989,unknown
192132,unknown
24424,unknown
13198,unknown
244267,unknown
13362,/ttCOk1fQGvFJvPIJS7D8J2jOjpo.jpg
39183,unknown
201132,unknown
251471,unknown
112456,unknown
20296,unknown
16155,/857L7x6uFNr4c2oHD5KJw5pkbxn.jpg
46727,unknown
55180,unknown
29015,unknown
91122,/yM3rD0Iqinb003T9vg9tl6JgxpN.jpg
18206,/636EGinwlVDyXuDo4l27hETmze2.jpg
320146,unknown
13856,unknown
56491,unknown
186935,unknown
19344,unknown
242083,unknown
18869,unknown
41830,unknown
335874,unknown
34592,unknown
92635,/9X1rn2qC3ltQjZdclPINTWIAX7Y.jpg
269057,/5NLzhk3hQ6M6X1A27ZST5nNhUya.jpg
287524,unknown
206213,unknown
248402,unknown
271185,/u0rEtOp6jI7oU6u3m7v1aAOJNQr.jpg
29731,unknown
292539,unknown
654,/v1RtJ1qR4v9nrnfoBVBl6hjTW9.jpg
91070,unknown
2652,unknown
60421,unknown
157354,unknown
15708,unknown
215918,unknown
84200,unknown
45767,/cqkfKoK5YLqrOhvnsqdz9Zbgni6.jpg
14823,/gIWaX9DXgUVesbiJceitZirTyj2.jpg
367551,unknown
11446,/fsMMOVto87pvUQyozOF9CaT9aMR.jpg
47889,unknown
25461,/cMHMtMBca8VNxjYICc1WHK1Qqe5.jpg
25212,unknown
292483,unknown
10105,/A4LgmMTiRpkEzC6pxRcxE28IDov.jpg
211557,unknown
838,/1tjLivPad2PX8FAzWko7FPIb8d2.jpg
40862,unknown
13158,unknown
84332,/gH0l9kiaK1Ulalbq07nqR7jtin5.jpg
74510,unknown
74725,/qwT2I3ons0oD58jIppKmd4qLtvB.jpg
36584,unknown
13429,unknown
9022,unknown
14275,unknown
2287,unknown
18734,unknown
206197,unknown
7859,unknown
302579,unknown
51955,unknown
376004,/7weaBxcimjsN9zi89Dfk4fZFCUE.jpg
158752,unknown
40658,unknown
3080,/qoPBiN6PBs2NsP7BNOJGCnmwruG.jpg
9459,unknown
26916,unknown
125263,unknown
324322,unknown
375950,unknown
278348,unknown
14438,unknown
211086,unknown
83,/7Gy5N0Yp7ocaKBR860v9KDbpYHj.jpg
89857,unknown
30315,unknown
14358,/1wDU19PTEdR30QdnLFw93scXto7.jpg
41144,unknown
35199,unknown
14271,unknown
16653,unknown
14757,unknown
84401,unknown
23655,unknown
36825,unknown
33430,unknown
12281,unknown
125052,unknown
96238,unknown
30246,unknown
7301,/z5wh9kFxpqC6bKB7TUx7j6X7BOq.jpg
172533,unknown
180383,unknown
45145,unknown
45649,unknown
43933,/qpJyTxR33KG9qFmXoCD5AUTToPl.jpg
73511,/94w3CM4V8AG9OEgtPQSwDfFd6Vw.jpg
139715,unknown
30867,unknown
81220,unknown
253626,unknown
294550,unknown
117942,unknown
98568,unknown
285743,unknown
362765,/rSaQxBE2hqV377qTlXYhbicq51l.jpg
253261,unknown
94072,unknown
4107,unknown
15624,unknown
17287,unknown
3062,/q4UEd8BL74zVsOOaJkKVMLMmdTg.jpg
15389,unknown
464,unknown
8193,unknown
188166,/q0itEsso2drJXqH9kfdidxIT5dF.jpg
23827,unknown
762,/7nTkHjETdGMYK1phHwDbPsrzbYl.jpg
64499,unknown
281189,unknown
1435,unknown
189711,unknown
19204,unknown
11240,unknown
43743,unknown
157909,unknown
15800,unknown
14278,unknown
25678,unknown
79161,unknown
371690,unknown
52032,unknown
3078,/2PNUGWAflH6UUumas0POMmokHlc.jpg
21525,unknown
55123,/2SdW45O7bPDTe0zLzNHhEcacNAk.jpg
1550,unknown
162396,unknown
26518,unknown
8942,unknown
68412,unknown
2786,unknown
87943,unknown
73981,unknown
91721,unknown
118452,unknown
13282,unknown
250184,unknown
318040,unknown
27420,unknown
84188,unknown
2255,/tqydORBcNlQxy3ijgSpPurgDHM2.jpg
50035,unknown
14290,/alJULQQnuiYXjgVmj2EYgwXOcIn.jpg
44490,unknown
431,unknown
76996,unknown
51942,/hrYM73Ap5ETRF6PbGwUUgeJF3Mp.jpg
60420,unknown
142132,unknown
78307,unknown
12247,unknown
29917,unknown
60463,unknown
46252,unknown
173224,unknown
18533,unknown
77332,/bl2RsU7kzOm1AjZhCBepCxuFToY.jpg
9659,unknown
43595,unknown
54897,unknown
287815,unknown
54702,unknown
176074,unknown
5759,unknown
402515,unknown
14758,unknown
25786,unknown
36549,unknown
289180,unknown
27995,unknown
253290,unknown
55420,unknown
5822,unknown
39141,unknown
5723,unknown
50497,unknown
178862,unknown
331745,unknown
1779,unknown
86812,unknown
84355,unknown
18632,unknown
339408,unknown
18925,unknown
299245,unknown
985,unknown
34101,unknown
65448,unknown
175291,unknown
80215,unknown
72086,unknown
268917,unknown
64973,unknown
473,unknown
90414,unknown
111794,unknown
9372,unknown
85860,unknown
244534,unknown
294086,unknown
139998,unknown
74777,unknown
42109,unknown
47607,unknown
193603,unknown
322745,unknown
250902,unknown
158895,unknown
18292,unknown
40769,unknown
42151,/2WMwkZ4Qmsi3X6WvfjvBsC1er6F.jpg
2292,unknown
42497,unknown
33693,unknown
14585,/1gPJ4H4TbGAiuEA6pFalFtqA0eL.jpg
185465,unknown
14022,/f7Iov2nd0XX9bp2laQEPYPEhisc.jpg
17345,unknown
226458,unknown
44990,unknown
692,unknown
39851,unknown
36095,unknown
124606,unknown
14337,unknown
72766,unknown
231617,unknown
126186,unknown
25975,unknown
