title_clean,tmdb_movieId,movieLens_movieId
Avatar,19995,72998
Pirates of the caribbean: at world's end,285,53125
John carter,49529,93363
Spider-man 3,559,52722
Avengers: age of ultron,99861,122892
Harry potter and the half-blood prince,767,69844
Batman v superman: dawn of justice,209112,136864
Superman returns,1452,46530
Quantum of solace,10764,63113
Pirates of the caribbean: dead man's chest,58,45722
The lone ranger,57201,121693
Man of steel,49521,103042
Pirates of the caribbean: on stranger tides,1865,86880
The hobbit: the battle of the five armies,122917,118696
Captain america: civil war,271110,122920
Battleship,44833,94018
Jurassic world,135397,117529
Skyfall,37724,96079
Spider-man 2,558,8636
Iron man 3,68721,102125
X-men: the last stand,36668,45499
Monsters university,62211,103141
Transformers: revenge of the fallen,8373,69526
Transformers: age of extinction,91314,112370
The amazing spider-man 2,102382,110553
Tron: legacy,20526,82461
Cars 2,49013,87876
Green lantern,44912,87430
Toy story 3,10193,78499
Terminator salvation,534,68791
Furious 7,168259,130634
World war z,72190,103249
X-men: days of future past,127585,111362
Star trek into darkness,54138,102445
Jack the giant slayer,81005,101025
The great gatsby,64682,121618
Prince of persia: the sands of time,9543,78105
Pacific rim,68726,103228
Transformers: dark of the moon,38356,87520
Indiana jones and the kingdom of the crystal skull,217,59615
The good dinosaur,105864,136016
Star trek beyond,188927,135569
Wall·e,10681,60069
Rush hour 3,5174,54648
2012,14161,72378
Jupiter ascending,76757,113345
The legend of tarzan,258489,160563
"The chronicles of narnia: the lion, the witch and the wardrobe",411,185231
X-men: apocalypse,246655,122924
The dark knight,155,130219
Up,14160,68954
Hugo,44826,90866
Wild wild west,8487,2701
Suicide squad,297761,135536
Evan almighty,2698,53993
Edge of tomorrow,137113,111759
Waterworld,9804,208
G.i. joe: the rise of cobra,14869,70336
The jungle book,278927,137857
Iron man 2,10138,77561
Snow white and the huntsman,58595,94780
Maleficent,102651,111659
Dawn of the planet of the apes,119450,112623
47 ronin,64686,106491
Captain america: the winter soldier,100402,110102
Tomorrowland,158852,132046
Big hero 6,177572,115617
Wreck-it ralph,82690,97913
Independence day: resurgence,47933,135567
How to train your dragon,10191,76093
Terminator 3: rise of the machines,296,6537
Guardians of the galaxy,118340,112852
Interstellar,157336,109487
Inception,27205,79132
Shin godzilla,315011,163056
X-men: first class,49538,87232
The hunger games: mockingjay - part 2,131634,135133
The sorcerer's apprentice,27022,172411
Poseidon,503,45442
Shrek the third,810,53121
Warcraft,68735,122890
Terminator genisys,87101,120799
Pearl harbor,676,4310
Transformers,1858,53996
Alexander,1966,8977
Harry potter and the order of the phoenix,675,54001
Harry potter and the goblet of fire,674,40815
Hancock,8960,60074
I am legend,6479,56174
Charlie and the chocolate factory,118,30793
Ratatouille,2062,50872
Batman begins,272,33794
Madagascar: escape 2 africa,10527,62999
Night at the museum: battle of the smithsonian,18360,68793
X-men origins: wolverine,2080,68319
Thor: the dark world,76338,106072
Mad max: fury road,76341,122882
Angels & demons,13448,68554
Thor,10195,86332
G-force,19585,70697
Wrath of the titans,57165,93766
Dark shadows,62213,94478
Mission: impossible - rogue nation,177677,111781
Bee movie,5559,55768
Kung fu panda 2,49444,87222
Mission: impossible iii,956,45186
White house down,117251,103339
Mars needs moms,50321,85261
Flushed away,11619,48982
Mr. peabody & sherman,82703,109846
Troy,652,7458
Madagascar 3: europe's most wanted,80321,95105
Die another day,36669,5872
Ghostbusters,43074,160080
Armageddon,95,1917
Kung fu panda 3,140300,149406
Mission: impossible - ghost protocol,56292,91630
Rise of the guardians,81188,98243
Exodus: gods and kings,147441,116887
Star trek,13475,68358
Spider-man,557,5349
How to train your dragon 2,82702,112175
Gods of egypt,205584,152063
Stealth,10048,34334
Watchmen,13183,60684
Lethal weapon 4,944,1918
Hulk,1927,6534
G.i. joe: retaliation,72559,101076
Final fantasy: the spirits within,2114,4446
Captain america: the first avenger,1771,88140
Master and commander: the far side of the world,8619,6947
Happy feet two,65759,91386
The revenant,281957,139385
Turbo,77950,103755
Rango,44896,84944
Penguins of madagascar,270946,117851
Kung fu panda,9502,59784
Ant-man,102899,122900
The hunger games: catching fire,101299,106487
Bad boys ii,8961,6548
Salt,27576,79293
Harry potter and the prisoner of azkaban,673,8368
Australia,6972,63853
After earth,82700,102880
Dinosaur,10567,3615
Night at the museum: secret of the tomb,181533,119155
Megamind,38055,81564
R.i.p.d.,49524,103655
Pirates of the caribbean: the curse of the black pearl,22,6539
The hunger games: mockingjay - part 1,131631,116823
Rio 2,172385,110655
Sherlock holmes: a game of shadows,58574,91542
Batman & robin,415,1562
Mission: impossible ii,955,3623
Life of pi,87827,97938
Ghost rider,1250,51077
Jason bourne,324668,160438
Charlie's angels: full throttle,9471,6503
Prometheus,70981,94864
Stuart little 2,10996,5480
Elysium,68724,103253
Speed racer,7459,59037
How do you know,42888,82499
Knight and day,37834,79185
Star wars: episode iii - revenge of the sith,1895,33493
Star wars: episode ii - attack of the clones,1894,5378
"Monsters, inc.",585,4886
Star wars: episode i - the phantom menace,1893,2628
Windtalkers,12100,5420
Gravity,49047,104841
Dante's peak,9619,1438
Teenage mutant ninja turtles: out of the shadows,308531,159690
Night at the museum,1593,46972
San andreas,254128,132796
Tomorrow never dies,714,1722
Ocean's twelve,163,8984
Insurgent,262500,130490
The green hornet,40805,124039
300: rise of an empire,53182,109673
Home on the range,13700,7374
Real steel,39254,90249
Speed 2: cruise control,1639,1556
Ender's game,80274,106002
Live free or die hard,1571,53972
Ali,8489,5009
"I, robot",2048,8644
Kingdom of heaven,1495,33162
Stuart little,10137,3157
The martian,286217,134130
Town & country,24113,4268
Minority report,180,5445
Harry potter and the chamber of secrets,672,5816
Terminator 2: judgment day,280,589
American gangster,4982,55765
True lies,36955,380
Little fockers,39451,82852
Eraser,9268,786
Django unchained,68718,99114
National treasure,2059,8972
Eragon,2486,49649
Where the wild things are,16523,71745
Epic,116711,102720
End of days,9946,3113
Blood diamond,1372,49530
Batman forever,414,153
Starship troopers,563,1676
Cloud atlas,83542,97752
Legend of the guardians: the owls of ga'hoole,41216,80615
Catwoman,314,8666
Treasure planet,9016,5882
Land of the lost,18162,69278
The expendables 3,138103,112897
Son of the mask,10214,31698
In the heart of the sea,205775,117466
Green zone,22972,74795
Gangs of new york,3131,5956
Surf's up,9408,53460
Black hawk down,855,5010
Sex and the city 2,37786,78174
Finding nemo,12,6377
Seventh son,68737,119655
Lara croft: tomb raider,1995,4367
Transcendence,157353,110730
Jurassic park iii,331,4638
Rise of the planet of the apes,61791,88744
The alamo,10733,7379
Cutthroat island,1408,15
Percy jackson & the olympians: the lightning thief,32657,74530
Toy story 2,863,3114
Rush hour 2,5175,4701
What lies beneath,2655,3798
Cloudy with a chance of meatballs,22794,71264
Ice age: dawn of the dinosaurs,8355,69644
Tropic thunder,7446,61132
Die hard: with a vengeance,1572,165
Atlantis: the lost empire,10865,4366
Alvin and the chipmunks: the road chip,258509,158428
Valkyrie,2253,64983
You don't mess with the zohan,10661,59900
A.i. artificial intelligence,644,4370
Hollow man,9383,3826
The interpreter,179,196397
Percy jackson: sea of monsters,76285,104074
Lara croft tomb raider: the cradle of life,1996,6564
Now you see me 2,291805,159093
The saint,10003,175505
Spy game,1535,4901
Mission to mars,2067,3354
Bicentennial man,2277,3156
K-19: the widowmaker,8665,5479
Cinderella man,921,33660
Seabiscuit,4464,6565
Cast away,8358,4022
Happy feet,9836,49274
Air force one,9772,1608
Ocean's eleven,161,4963
Hotel transylvania,76492,97225
Enchanted,4523,56152
102 dalmatians,10481,3991
Tower heist,59108,90717
Enemy of the state,9798,2353
It's complicated,22897,73015
Ocean's thirteen,298,53322
Divergent,157350,108190
Enemy at the gates,853,4223
Last action hero,9593,485
Memoirs of a geisha,1904,41571
Arthur christmas,51052,91414
Meet joe black,297,2340
Collateral damage,9884,5093
All that jazz,16858,2971
Scott pilgrim vs. the world,22538,79702
Nutty professor ii: the klumps,12107,3821
Scooby-doo,9637,5419
Dredd,49049,96737
Click,9339,45672
Creepshow,16281,3016
Jumper,8247,58025
Hellboy ii: the golden army,11253,57640
Bruce almighty,310,6373
Mission: impossible,954,648
The hunger games,70160,91500
Batman returns,364,1377
Over the hedge,7518,45431
Lilo & stitch,11544,5444
Deep impact,8656,1876
Red 2,146216,103810
Alvin and the chipmunks: chipwrecked,55301,91671
Grown ups 2,109418,104218
Get smart,11665,60126
Something's gotta give,6964,7149
Shutter island,11324,74458
Four christmases,12193,64032
Robots,9928,32031
Face/off,754,1573
Bedtime stories,10202,65088
Road to perdition,4147,5464
Just go with it,50546,85367
Con air,1701,1552
Eagle eye,13027,62081
Cold mountain,2289,7162
Flubber,9574,1702
The haunting,11618,208395
Space jam,2300,673
Six days seven nights,6068,1894
Yogi bear,41515,83177
Spirit: stallion of the cimarron,9023,5389
Zookeeper,38317,87867
Lost in space,2157,1831
Hotel transylvania 2,159824,142997
Fantasia 2000,49948,3159
Swordfish,9705,4344
What dreams may come,12159,2297
Little nicky,9678,3979
Mars attacks!,75,1391
The edge,9433,162214
Surrogates,19959,71530
Thirteen days,11973,4033
Walking with dinosaurs,77951,116213
Battlefield earth,5491,3593
Looney tunes: back in action,10715,6946
Nine,10197,73000
Timeline,9562,6959
Babe: pig in the city,9447,2384
The last witch hunter,274854,135532
Red planet,8870,3981
Arthur and the invisibles,9992,50162
Pompeii,76649,110968
The lion king,8587,203222
Journey 2: the mysterious island,72545,92681
Cloudy with a chance of meatballs 2,109451,105468
Red dragon,9533,5630
Hidalgo,2023,7324
Jack and jill,71880,90890
The secret life of pets,328111,135436
Despicable me 2,93456,103335
Children of men,9693,48774
X-men,36657,3793
50 first dates,1824,7293
Exorcist: the beginning,11026,8815
Inspector gadget,332,2720
Now you see me,75656,102903
Grown ups,38365,79134
Hotel for dogs,15189,66304
Vertical limit,11678,3999
Charlie wilson's war,6538,56788
Shark tale,10555,8907
Dreamgirls,1125,49824
Be cool,4551,32019
Munich,612,41997
Tears of the sun,9567,6213
The man from u.n.c.l.e.,203801,138036
Spanglish,2539,27808
Monster house,9297,46948
First knight,6520,168
Anna and the king,1439,3155
Immortals,37958,90888
Titan a.e.,7450,3745
Hollywood homicide,11375,6484
Carriers,25769,73168
Monkeybone,23685,4158
Flight of the phoenix,11866,27837
Unbreakable,9741,3994
Minions,211672,135887
Snake eyes,8688,2126
Sphere,10153,1779
The angry birds movie,153518,157340
Fool's gold,8676,57951
Funny people,20829,66509
Talladega nights: the ballad of ricky bobby,9718,46970
Dr. dolittle 2,10808,4368
Braveheart,197,110
Jarhead,25,40278
Doctor dolittle,3050,2135
Shrek 2,809,8360
Cars,920,45517
Runaway bride,4806,2724
Xxx,7451,5507
Ransom,3595,832
Inglourious basterds,16869,68157
Hook,879,3489
Die hard 2,1573,1370
S.w.a.t.,9257,6595
Vanilla sky,1903,4975
Lady in the water,9697,45730
Avp: alien vs. predator,395,8810
Alvin and the chipmunks: the squeakquel,23398,73042
We were soldiers,10590,5152
Olympus has fallen,117263,101362
Star trek: insurrection,200,2393
Battle: los angeles,44943,85131
Big fish,587,7147
War horse,57212,91126
Wall street: money never sleeps,33909,80590
Dracula untold,49017,114795
Seven years in tibet,978,1619
Doom,8814,37380
I spy,8427,5803
Underworld: awakening,52520,91974
Rock of ages,80585,95307
Hart's war,10592,5107
Killer elite,49021,89840
Ballistic: ecks vs. sever,10550,5609
Hard rain,11258,1752
Osmosis jones,12610,4719
Legends of oz: dorothy's return,59981,111439
Blackhat,201088,120637
Sky captain and the world of tomorrow,5137,8865
Basic instinct 2,3093,44759
Escape plan,107846,105653
Despicable me,20352,79091
Money train,11517,20
Ted 2,214756,135861
Agora,26428,74624
Mystery men,9824,2723
Hall pass,48988,85022
The finest hours,300673,151777
Body of lies,12113,62374
Dinner for schmucks,38778,79428
Abraham lincoln: vampire hunter,72331,95207
Entrapment,1844,2605
Saving private ryan,857,2028
Need for speed,136797,109850
What women want,3981,4018
Ice age,425,5218
Lincoln,72976,98154
Apollo 13,568,150
You've got mail,9489,2424
Step brothers,12133,60756
Due date,41733,81537
Unbroken,227306,118702
Space cowboys,5551,3827
Cliffhanger,9350,434
World trade center,1852,46974
Mona lisa smile,11820,7154
Eyes wide shut,345,2712
This means war,59962,93326
Blade: trinity,36648,8985
Primary colors,9440,1810
Resident evil: retribution,71679,96691
Death race,10483,61248
Proof of life,11983,3998
Fight club,550,2959
We are marshall,11170,49793
Hudson hawk,9292,7000
Lucky numbers,10783,3975
"I, frankenstein",100241,108689
Elektra,9947,31221
Sin city: a dame to kill for,189,113573
Random hearts,12618,2906
Perfume: the story of a murderer,1427,48997
Austin powers in goldmember,818,5481
Astro boy,16577,72209
Jurassic park,329,480
Wyatt earp,12160,383
Clear and present danger,9331,349
Dragon blade,300168,134775
U-571,3536,3555
3000 miles to graceland,12138,4159
The hateful eight,273248,128360
Blades of glory,9955,52245
300,1271,51662
Meet the fockers,693,30825
Marley & me,14306,65230
Wild hogs,11199,51575
Gone girl,210577,112556
Daddy day care,10708,6338
2 guns,136400,103883
Cats & dogs,10992,4386
Two weeks notice,2642,5957
Antz,8916,2294
Couples retreat,19899,71668
Days of thunder,2119,1100
Cheaper by the dozen 2,9641,42009
Eat pray love,38167,80551
Any given sunday,9563,3173
Collateral,1538,8798
The scorpion king,9334,5313
Ladder 49,11128,8908
Jack reacher,75780,99112
Deep blue sea,8914,2722
Contagion,39538,89470
Kangaroo jack,10628,6013
Coraline,14836,66097
The happening,8645,133757
Starsky & hutch,9384,7325
Jingle all the way,9279,1359
Paranorman,77174,96281
Paycheck,9620,7163
Under siege 2: dark territory,3512,204
Jack ryan: shadow recruit,137094,108188
London has fallen,267860,152079
Alien: resurrection,8078,1690
Shooter,7485,51935
Practical magic,6435,2316
The lego movie,137106,108932
Miss congeniality 2: armed and fabulous,10040,32296
Reign of fire,6278,5463
Gangster squad,82682,99728
Year one,17610,69436
Invictus,22954,72733
State of play,16995,68159
Duplicity,16558,67193
My favorite martian,9849,2498
The sentinel,5820,181531
Planet 51,16866,72701
Star trek: nemesis,201,5944
Intolerable cruelty,11775,6873
Trouble with the curve,87825,96693
Analyze that,9932,5900
Righteous kill,13389,61697
Mercury rising,8838,1833
Almost famous,786,3897
Garfield: a tail of two kitties,9513,46337
Xxx: state of the union,11679,33158
Sinbad: legend of the seven seas,14411,6536
Event horizon,8413,1590
Flyboys,9664,48319
Winter's tale,137321,109191
Meet dave,11260,60516
Dark water,9009,34143
Edtv,11374,2567
Inkheart,2309,65685
Mortdecai,210860,125914
In the name of the king: a dungeon siege tale,2312,57326
Beyond borders,9839,6886
The great raid,13922,34536
Deadpool,293660,122904
Holy man,9713,2306
American sniper,190859,114662
Goosebumps,257445,144620
Just like heaven,9007,36525
Rambo iii,1370,2404
Leatherheads,4942,58839
The ridiculous 6,347969,148652
Did you hear about the morgans?,24438,72919
Resident evil: afterlife,35791,80363
Red tails,72431,92234
The devil's advocate,1813,1645
That's my boy,87428,96616
Dragonheart,8840,653
After the sunset,10589,8968
Ghost rider: spirit of vengeance,71676,92938
Captain corelli's mandolin,1722,4727
Forrest gump,13,356
Alvin and the chipmunks,6477,56176
Meet the parents,1597,3948
Pocahontas,10530,48
Hitch,8488,31685
George of the jungle,10603,1588
Captain phillips,109424,105504
Date night,35056,76293
Casper,8839,158
Maid in manhattan,7303,5943
Crimson tide,8963,161
Flightplan,9315,37727
Disclosure,8984,225
City of angels,795,1835
Kill bill: vol. 1,24,6874
Bowfinger,11353,2770
Kill bill: vol. 2,393,7438
Tango & cash,9618,4673
Death becomes her,9374,3258
Shanghai noon,8584,3624
Executive decision,2320,494
Mr. popper's penguins,58224,87483
Free birds,175574,106240
Evita,8818,1416
Ronin,8195,2278
Paddington,116149,117887
The hunted,10632,194877
Stuck on you,1792,7150
Semi-pro,13260,58156
Changeling,3580,63062
Chain reaction,12123,836
Elizabeth: the golden age,4517,55274
Gods and generals,16072,6186
Imagine that,19724,69304
Muppets most wanted,145220,110297
Thunderbirds,14623,8782
Burlesque,42297,83086
Blade ii,36586,5254
Seven pounds,11321,64716
Bullet to the head,70074,91483
Elizabethtown,9621,39231
"You, me and dupree",1819,45726
Superman ii,8536,2641
Gigli,8046,6587
Domestic disturbance,11456,4885
Black mass,261023,136018
Flags of our fathers,3683,48783
Law abiding citizen,22803,71838
Grindhouse,285923,52281
Beloved,39437,2314
Lucky you,1950,52724
Zero dark thirty,97630,98961
Mamma mia!,11631,60397
Valentine's day,32856,74450
The thin red line,8741,166237
Man on the moon,1850,3174
Casino,524,16
From paris with love,26389,74851
Bulletproof monk,11817,6294
"Me, myself & irene",2123,3752
Shrek,808,4306
Robin hood: prince of thieves,8367,1027
Jerry maguire,9390,1393
Ted,72105,95441
As good as it gets,2898,1784
Patch adams,10312,2431
Anchorman 2: the legend continues,109443,107348
Mr. deeds,2022,5449
Super 8,37686,87306
Erin brockovich,462,3408
How to lose a guy in 10 days,9919,6155
22 jump street,187017,112138
Yes man,10201,64969
Central intelligence,302699,160271
Stepmom,9441,2432
Daddy's home,274167,149352
Inside man,388,44199
Congo,10329,160
We bought a zoo,74465,91653
Knowing,13811,67197
Failure to launch,6877,44004
"Crazy, stupid, love.",50646,88163
Christmas with the kranks,13673,8978
Moneyball,60308,89492
Outbreak,6950,292
Race to witch mountain,13836,70305
V for vendetta,752,44191
Shanghai knights,6038,6156
Curious george,9975,43869
Don't say a word,12103,4814
Hansel & gretel: witch hunters,60304,100163
Unfaithful,2251,5364
I am number four,46529,85056
Syriana,231,40583
The book of life,228326,115664
Firewall,9754,43871
Absolute power,66,1459
G.i. jane,4421,1586
The game,2649,166735
Silent hill,588,45081
Beverly hills cop iii,306,420
Gremlins 2: the new batch,928,2004
Resident evil: apocalypse,1577,8861
Bridget jones: the edge of reason,9801,8969
On deadly ground,9624,7725
Raising helen,4599,8362
Ninja assassin,22832,72489
For love of the game,10390,2861
Striptease,9879,762
Marmaduke,38579,77665
Hereafter,44603,81512
Murder by numbers,11892,5312
Assassins,9691,23
Hannibal rising,1248,50804
Basic,10782,6263
Blood work,9573,5506
Escape from l.a.,10061,849
Free state of jones,316152,157338
Run all night,241554,129937
Eastern promises,2252,55118
Into the blue,11968,37853
Your highness,38319,87529
Mad city,9770,1667
Baby's day out,11212,5096
Jade,11863,132
Death to smoochy,9275,5265
Zoolander 2,329833,148888
The big bounce,12634,178563
What planet are you from?,10416,3326
Drive angry,47327,84942
Street fighter: the legend of chun-li,15268,66639
Indiana jones and the last crusade,89,1291
Chappie,198184,120466
Panic room,4547,5266
The tooth fairy,53953,122817
Three kings,6415,2890
Child 44,181283,130956
K-pax,167,4874
Kate & leopold,11232,4992
Taken 3,260346,120635
Dick tracy,8592,2616
Riding in cars with boys,11091,4867
Solaris,593,5881
Happily n'ever after,5393,50149
Mary reilly,9095,92
My best friend's wedding,8874,1569
America's sweethearts,11467,4639
Star trek: first contact,199,1356
Jonah hex,20533,78467
Courage under fire,10684,647
Liar liar,1624,1485
The infiltrator,325789,161127
Inchon,113464,147887
Taken 2,82675,96861
Scary movie 3,4256,6888
Miss congeniality,1493,4025
The client,10731,144504
Patriot games,9869,3256
Monster-in-law,4379,33499
Prisoners,146233,104879
Training day,2034,4776
Galaxy quest,926,3175
Scary movie 2,4248,4388
Coach carter,7214,31225
Changing lanes,1537,5293
Anaconda,9360,1499
Coyote ugly,6282,3825
Love actually,508,6942
From hell,768,4865
Tin cup,10478,852
Kicking & screaming,9981,33495
Fat albert,15045,30883
Resident evil: extinction,7737,55232
Blended,232672,111617
Cellular,9759,8860
Johnny english,9486,6550
Dune,841,2021
Across the universe,4688,54190
Revolutionary road,4148,65130
16 blocks,2207,43936
Babylon a.d.,9381,61350
Multiplicity,9304,719
Aliens in the attic,20856,70282
All the pretty horses,21355,4031
Nixon,10858,14
Deep rising,9457,1762
Miracle at st. anna,12412,61991
Love in the time of cholera,6639,56001
Shadow conspiracy,38153,1055
Johnny english reborn,58233,90522
Foodfight!,116977,120222
The bounty hunter,27573,125179
Sleepers,819,1061
Rambo: first blood part ii,1369,2402
Heaven's gate,10935,5184
Underworld: evolution,834,42738
Victor frankenstein,228066,141004
Finding forrester,711,4019
28 days,10468,3534
Unleashed,10027,177193
The firm,37233,183913
Charlie st. cloud,37950,79588
21 jump street,64688,93510
Notting hill,509,2671
Chicken run,7443,3751
Along came polly,5966,7173
The heat,136795,172679
Here comes the boom,87826,97836
High crimes,11560,5282
Licence to kill,709,2990
15 minutes,2749,4167
Super mario bros.,9607,546
Lord of war,1830,36529
One for the money,54054,92264
8 mile,65,5810
Why i did (not) eat my father,280391,189747
The sixth sense,745,197499
Man on a ledge,49527,91978
American hustle,168672,106916
The proposal,18240,194508
Back to the future part ii,165,2011
Fifty shades of grey,216015,125916
Spy kids 3-d: game over,12279,6566
Lone survivor,193756,107069
The conjuring 2,259693,159858
He's just not that into you,10184,66203
Scary movie 4,4257,44972
Scream 3,4234,3273
Back to the future part iii,196,2012
Get hard,257091,131013
Julie & julia,24803,70293
42,109410,101895
Dumb and dumber to,100042,116977
Eight below,9036,43917
The intern,257211,140110
Ride along 2,323675,151315
The last of the mohicans,9361,167876
Ray,1677,8958
Sin city,187,32587
Vantage point,7461,58103
"I love you, man",16538,67087
Shallow hal,9889,4890
Jfk,820,3386
Big momma's house 2,11565,43558
17 again,16996,68135
Bridge of spies,296098,143385
Get him to the greek,32823,78209
Shall we dance?,4380,8916
Small soldiers,11551,1920
Spawn,10336,1591
Horrible bosses 2,227159,117590
Escape from planet earth,68179,100611
Apocalypto,1579,48304
Predators,34851,79057
Legal eagles,9930,6308
Secret window,1586,7347
Made of honor,10761,59333
Jersey boys,209451,112316
Gothika,4970,6952
Amistad,11831,1693
Medicine man,9096,2822
Autumn in new york,10641,3824
Music and lyrics,11172,51084
Paul,39513,84772
Scream 4,41446,86295
8mm,8224,2505
Sex tape,225886,112788
Hanging up,10385,3299
Final destination 5,55779,88932
Mickey blue eyes,10154,2805
Pay it forward,10647,3969
Drillbit taylor,8457,58655
A million ways to die in the west,188161,111743
Get rich or die tryin',10060,40574
Rent,1833,40826
Bless the child,10391,3857
Mean streets,203,8042
Renaissance man,11858,516
Colombiana,62835,89087
Quest for camelot,18937,1881
City by the sea,13536,5563
At first sight,15556,2445
Torque,10718,7175
City hall,11062,100
Showgirls,10802,193
Ishtar,12704,4123
Fantastic mr. fox,10315,72226
Life or something like it,16643,5324
Memoirs of an invisible man,2687,6734
New york minute,11025,7453
Big miracle,78698,92335
Cirque du freak: the vampire's assistant,24418,72165
Duplex,7288,6763
Soul men,14655,63481
Raise the titanic,24575,3403
Universal soldier: the return,10366,2807
Pandorum,19898,71135
Impostor,4965,5046
Extreme ops,15074,5880
Just visiting,56715,4240
Delgo,20542,64652
Disturbia,8271,52458
Hackers,10428,170
Snowpiercer,110415,107406
Baahubali: the beginning,256040,139575
Because i said so,1257,50802
Against the ropes,8842,7315
Superman iii,9531,2642
Grudge match,64807,107702
Sweet home alabama,11529,5620
Sgt. bilko,9099,637
Spy kids 2: the island of lost dreams,9488,5504
Star trek: generations,193,329
Water for elephants,55787,86548
Dragon nest: warriors' dawn,257932,140699
Enough,1957,5387
Paul blart: mall cop 2,256961,132157
Angel eyes,5852,4305
Joe somebody,12312,4991
Extreme measures,11306,1003
Rock star,12508,4757
Precious,25793,72395
White squall,10534,86
Riddick,87421,104243
Switchback,10871,1661
Texas rangers,13503,4962
City of ember,13600,62376
The master,68722,135739
Virgin territory,14324,59116
The 5th wave,299687,148172
Creed,312221,146656
What to expect when you're expecting,76494,95199
Burn after reading,4944,61323
Nim's island,10488,58972
Magnolia,334,3160
Cop out,23742,74532
How to be single,259694,148956
Dolphin tale,62837,91886
John q,8470,5108
Blue streak,11001,2860
We're the millers,138832,104211
The inhabited island,16911,69809
Never say never again,36670,7573
Hot tub time machine,23048,76077
Dolphin tale 2,227735,117194
Reindeer games,2155,3316
Aloha,222936,134528
Ghosts of mississippi,31908,1401
Snow falling on cedars,10219,3185
The rite,48171,142721
Gattaca,782,1653
Space chimps,11802,60649
Head of state,9776,6265
Ip man 3,365222,152591
Austin powers: the spy who shagged me,817,2683
There be dragons,45054,94965
Lethal weapon 3,943,2002
Spy kids,10054,4232
Horrible bosses,51540,87869
Star trek: the motion picture,152,1371
Identity thief,109431,100390
21,8065,58803
Trainwreck,271718,134393
Guess who,11638,32298
L.a. confidential,2118,1617
In & out,10806,1614
Species,9348,196
The man in the iron mask,9313,136822
Secretariat,39486,80839
Radio,13920,6887
Friends with benefits,50544,88405
Neighbors 2: sorority rising,325133,156609
Saving mr. banks,140823,107141
This is 40,89492,99117
Old dogs,22949,72696
Underworld: rise of the lycans,12437,65682
License to wed,2959,53974
Must love dogs,11648,34336
Donnie brasco,9366,1466
Resident evil,1576,5219
Max payne,13051,62394
In time,49530,90405
Something borrowed,49022,86817
Black knight,11469,4899
Street fighter,11667,393
Closer,2288,8981
J. edgar,88794,90719
Mirrors,13515,61262
Queen of the damned,11979,5128
Predator 2,169,3697
Untraceable,8090,57526
Blast from the past,11622,2496
Alex cross,94348,97742
Midnight in the garden of good and evil,8197,1711
Hoffa,10410,6997
Ella enchanted,14442,7380
Valiant,14175,36397
Wonder boys,11004,3317
Superhero movie,11918,59014
Broken city,98357,99957
Premium rush,49526,96417
Parker,119283,100108
Wimbledon,11823,8866
Furry vengeance,35169,77820
Krull,849,4275
Lions for lambs,4515,55946
Flight of the intruder,18886,6518
Walk hard: the dewey cox story,6575,56805
American outlaws,13496,4721
Whiteout,22787,71573
Knock off,37498,2196
Punisher: war zone,13056,64231
The walk,285783,138208
Warriors of virtue,49478,1525
Radio flyer,20763,7030
Smilla's sense of snow,9311,1480
Femme fatale,9280,5809
Lion of the desert,26843,5196
Ride with the devil,22267,3117
Biutiful,45958,81819
Bandidas,1969,43419
Black water transit,310706,189921
The fountain,1381,120380
Chill factor,2162,2835
Stolen,127493,98054
The longest ride,228205,132424
I dreamed of africa,21311,3579
Playing for keeps,77875,99087
Mandela: long walk to freedom,192136,106839
Reds,18254,2929
Exit wounds,10877,4224
Big momma's house,9600,3646
Step up revolution,85446,98373
Snakes on a plane,326,46965
The watcher,10685,176819
Pushing tin,12596,2598
Doomsday,13460,58297
The reader,8055,141904
Elf,10719,6936
Phenomenon,9294,802
Snow dogs,11888,5048
Scrooged,9647,3087
Nacho libre,9353,45666
Bridesmaids,55721,86833
This is the end,109414,102123
Stigmata,10307,2840
Men of honor,11978,3980
Takers,22907,87785
The big wedding,87567,103055
"Big mommas: like father, like son",38322,85399
Source code,45612,85414
1941,11519,7104
Dreamer: inspired by a true story,12920,39307
Transporter 2,9335,36519
Laws of attraction,11141,7450
Bringing out the dead,8649,2976
Repo men,31867,75985
Bogus,3587,885
Cats don't dance,24662,1489
Cradle will rock,32274,3145
George and the dragon,5494,110229
Apocalypse now,28,1208
Mr. holland's opus,2054,62
Out of africa,606,1959
Flight,87502,97923
Moonraker,698,3638
Hearts in atlantis,11313,4815
Arachnophobia,6488,2699
Frequency,10559,3510
Get shorty,8012,21
Big daddy,9032,2694
American pie 2,2770,4718
Toy story,862,1
Speed,1637,377
Extraordinary measures,27569,74131
Remember the titans,10637,3916
The butler,132363,193847
Dodgeball: a true underdog story,9472,8528
The addams family,2907,207189
Ace ventura: when nature calls,9273,19
District 9,17654,70286
Mystic river,322,6870
Analyze this,9535,2539
27 dresses,6557,56949
Hannah montana: the movie,18126,70334
Rugrats in paris: the movie,16340,3990
Legends of the fall,4476,266
Up in the air,22947,72011
About schmidt,2755,5945
Warm bodies,82654,99007
Looper,59967,96610
Babe,9598,34
Forgetting sarah marshall,9870,58998
Four brothers,8292,34534
Baby mama,8780,59258
Hope floats,9715,1888
Bride wars,10521,65585
Without a paddle,10762,8814
13 going on 30,10096,7444
Midnight in paris,59436,86882
Blow,4133,4239
Message in a bottle,10207,2497
Star trek v: the final frontier,172,1373
Like mike,21972,5458
P.s. i love you,6023,56941
Racing stripes,6439,31223
Atonement,4347,55052
Letters to juliet,37056,78316
The three stooges,76489,140381
Corpse bride,3933,37729
Glory road,9918,42730
Southpaw,307081,139642
Drag me to hell,16871,68952
The age of adaline,293863,132480
Secondhand lions,13156,6753
Step up 3d,41233,80222
Blue crush,9266,5524
Stranger than fiction,1262,46976
30 days of night,4513,55282
Meet the spartans,7278,57532
Midnight run,9013,3104
The running man,865,161702
Little shop of horrors,10776,2746
Hanna,50456,86190
Mortal kombat: annihilation,9823,1681
Larry crowne,59861,87522
Take the lead,12763,44613
Gridiron gang,9766,48161
What's the worst that could happen?,14034,4341
Winnie the pooh,51162,88267
Dumb and dumberer: when harry met lloyd,10152,6482
Bulworth,9452,1883
Get on up,239566,113207
One true thing,53113,2272
Virtuosity,9271,338
My super ex-girlfriend,4474,45732
Sanctum,48340,84613
Little black book,14846,8799
Mr. 3000,16232,8864
Ultraviolet,9920,43928
Fled,18550,809
Eight legged freaks,8869,5478
88 minutes,3489,53207
North country,9701,39234
Splice,37707,78266
Howard the duck,10658,2450
Pride and glory,13150,62792
Wicker park,11208,8836
Wing commander,10350,2549
In dreams,28902,2446
Dragonball evolution,14164,67867
Chasing liberty,14844,7169
Hoodwinked too! hood vs. evil,57089,97462
Barney's version,46829,82527
Runner runner,146238,105351
Antitrust,9989,4052
Once upon a time in america,311,1227
Dead man down,102362,101137
The merchant of venice,11162,207191
Supercross,17186,36392
Miss potter,13967,50160
Doa: dead or alive,9053,50003
Wild card,265208,128488
Machine gun preacher,45610,90624
Animals united,50135,129830
United passions,271331,145921
Savva. heart of the warrior,367961,199952
Ripley's game,10955,27408
Sausage party,223702,158872
Pitch perfect 2,254470,133419
Walk the line,69,40819
Keeping the faith,4967,3536
The borrowers,9449,128241
Frost/nixon,11499,64620
Serving sara,12771,5529
Cry freedom,12506,4095
Mumford,24071,2883
Straight outta compton,277216,140715
Indiana jones and the temple of doom,87,2115
Along came a spider,2043,4238
Florence foster jenkins,315664,155659
Once upon a time in mexico,1428,6709
Die hard,562,1036
Taking woodstock,26320,70984
Miracle,14292,7263
Identity,2832,6323
Last vegas,137093,106330
For your eyes only,699,2989
Serendipity,9778,4823
Timecop,8831,379
Zoolander,9398,4816
Safe haven,112949,100527
Hocus pocus,10439,2052
No reservations,3638,54276
Kick-ass,23483,76251
30 minutes or less,62206,88812
Dracula 2000,10577,4030
"Alexander and the terrible, horrible, no good, very bad day",218778,115381
Pride & prejudice,4348,40629
Blade runner,78,541
Rob roy,11780,151
3 days to kill,192102,109569
We own the night,2001,55272
Lost souls,10383,3956
"Mystery, alaska",15198,2889
Ghosts of mars,10016,4735
Pride and prejudice and zombies,58431,149830
Kundun,9746,1730
How to lose friends & alienate people,13092,62113
Kick-ass 2,59859,104241
Alatriste,13495,58743
Brick mansions,254473,110826
Octopussy,700,7570
Knocked up,4964,52973
Notes on a scandal,1259,49961
Rendition,5125,55284
Star trek vi: the undiscovered country,174,1372
Divine secrets of the ya-ya sisterhood,9583,5415
Kiss the girls,9437,1620
Joyful noise,63574,91873
About a boy,245,5377
Lake placid,9825,2713
Lucky number slevin,186,44665
Anonymous,61891,90645
Return to oz,13155,2093
Case 39,28355,76030
Suspect zero,8080,8831
Martian child,5126,55732
Money monster,303858,157200
Mindhunters,16617,8369
What just happened,8944,58432
The magic flute,37028,129415
Paul blart: mall cop,14560,65802
Shakespeare in love,1934,2396
Kindergarten cop,951,7004
Pineapple express,10189,61024
Ever after: a cinderella story,9454,2125
Open range,2055,6617
Final destination 2,9358,6058
"O brother, where art thou?",134,4027
Pain & gain,134374,102033
In good company,1901,30822
Silverado,11509,7027
Agent cody banks 2: destination london,17047,7345
Original sin,2057,4699
Welcome to mooseport,16784,7294
Accidental love,316002,137900
Self/less,238615,135518
Mrs. doubtfire,788,500
Rain man,380,1961
Gran torino,13223,64614
W.,10523,62437
The best of me,239571,115147
Schindler's list,424,527
Scooby-doo 2: monsters unleashed,11024,7369
Freddy vs. jason,6466,6615
The face of an angel,254024,136654
Jimmy neutron: boy genius,12589,4990
Cloverfield,7191,57368
Teenage mutant ninja turtles ii: the secret of the ooze,1497,3439
No country for old men,6977,55820
Ride along,168530,108156
Bridget jones's diary,634,4246
"Legally blonde 2: red, white & blonde",10327,6535
No strings attached,41630,84374
Tombstone,11969,553
Romeo must die,2085,3452
Final destination 3,9286,43679
Finding neverland,866,8970
Anchorman: the legend of ron burgundy,8699,8641
Goodfellas,769,1213
Agent cody banks,10923,6624
Nanny mcphee,11283,43560
Money talks,9416,1604
There will be blood,7345,56782
Undercover brother,12277,5401
Kiss of the dragon,2140,4387
Beauty shop,14177,32589
What a girl wants,10735,6266
Jeepers creepers 2,11351,6695
Good luck chuck,10030,55245
Cradle 2 the grave,10623,6196
She's the man,9655,44193
Mr. bean's holiday,1268,52694
Anacondas: the hunt for the blood orchid,11237,8830
August rush,5123,55872
Elizabeth,4518,2336
Tora! tora! tora!,11165,3066
Spice world,6116,1760
The sitter,57431,137002
Dance flick,21724,68965
Crocodile dundee in los angeles,9290,4254
Kingpin,11543,785
August: osage county,152737,106841
Ice princess,13374,32289
Eddie the eagle,319888,151455
He got game,9469,1840
Don juan demarco,1909,224
Dear john,22971,74688
Punch-drunk love,8051,5673
Eurotrip,9352,7317
Half past dead,10167,5815
Unaccompanied minors,18147,49642
"Bright lights, big city",17170,4482
The adventures of pinocchio,18975,200908
My soul to take,43931,81270
Maximum risk,10861,990
Stealing harvard,12770,5573
Angela's ashes,10397,3179
Draft day,200505,110453
Lifeforce,11954,2377
Lords of dogtown,9787,33672
The 33,293646,145030
Big trouble in little china,6978,3740
Fly me to the moon,133698,61267
Michael collins,1770,991
Gettysburg,10655,4047
Stop-loss,8988,58876
Abandon,15992,5677
Brokedown palace,17707,2771
Mrs. winterbourne,40001,691
Stone cold,21338,26755
Sheena,24264,4985
Underclassman,19803,30896
Say it isn't so,20309,4229
Tank girl,9067,327
King's ransom,27360,33148
Bloodrayne,168705,42721
Carnage,72113,90430
Cirque du soleil: worlds away,94352,99143
Without limits,22256,2237
Me and orson welles,12404,72703
Love ranch,39845,89327
The true story of puss 'n boots,25353,116499
Space dogs,36696,131936
Ironclad,38543,89650
Waterloo,33157,7814
Kung fu jungle,290864,131270
On the road,83770,95488
Star trek iv: the voyage home,168,1376
Rocky balboa,1246,49651
Scream 2,4233,1717
Jane got a gun,174751,150258
Think like a man too,184098,112303
Old school,11635,6188
I still know what you did last summer,3600,2338
Return to me,2621,3512
Zack and miri make a porno,10358,62434
Nurse betty,10480,3893
"Girl, interrupted",3558,3186
Win a date with tad hamilton!,13476,7255
Muppets from space,10208,2709
Ready to rumble,20697,3511
Play it to the bone,20761,3180
I don't know how she does it,70868,89388
Beyond the sea,6478,30818
Meet the deedles,40688,1822
Faster,41283,82744
Zombieland,19908,71535
Final destination,9532,3409
Pitch black,2787,3300
Her,152601,106920
Joy ride,10866,4821
Anywhere but here,21349,3051
Haywire,70435,92008
Jaws: the revenge,580,4124
Marvin's room,9819,1399
Harley davidson and the marlboro man,2453,4203
In the valley of elah,6973,55094
Cheri,22215,70093
Vanity fair,11632,8833
Bodyguards and assassins,30596,92804
1408,3021,53953
Spaceballs,957,3033
There's something about mary,544,1923
Gandhi,783,1293
The hundred-foot journey,228194,113275
I am sam,10950,5014
Son of god,235260,109897
Derailed,8999,40614
Shadowlands,10445,534
Deuce bigalow: european gigolo,11453,34530
Delivery man,146239,106540
Our kind of traitor,205588,157276
Diary of a wimpy kid: dog days,82650,96283
Summer of sam,10279,2702
Jay and silent bob strike back,2294,4734
"Hail, caesar!",270487,143859
Josie and the pussycats,19366,4248
Homefront,204082,106785
I heart huckabees,1599,8910
Robocop 3,5550,519
Megiddo: the omega code 2,30379,4781
Darling lili,42586,74547
Dudley do-right,17709,2828
The libertine,7548,175255
Mad money,12085,57370
Before i go to sleep,204922,114007
Sorcerer,38985,26393
Moliere,21494,70537
Michael clayton,4566,55276
My fellow americans,17795,1390
Arlington road,1073,2707
Underdogs,153158,191271
To rome with love,81836,95201
Firefox,10724,6078
Teenage mutant ninja turtles iii,1499,3440
Hardball,20857,4771
Silver linings playbook,82693,97921
Freedom writers,1646,49910
Never back down,8456,58627
Away we go,19255,66665
Swing vote,10187,60939
Moonlight mile,31005,5625
Tinker tailor soldier spy,49517,89753
Existenz,1946,2600
Home alone 2: lost in new york,772,2953
Close encounters of the third kind,840,3471
Beverly hills cop ii,96,4084
Bringing down the house,10678,6212
Wayne's world,8872,3253
Jackass 3d,16290,81156
Jaws 2,579,1388
Beverly hills chihuahua,14405,63540
Are we there yet?,11637,31422
Tammy,226486,112497
School of rock,1584,6863
Mortal kombat,9312,44
White chicks,12153,8531
Holes,8326,6297
12 years a slave,76203,105844
Drumline,13497,5941
Edward scissorhands,162,2291
Me before you,296096,152017
Bad moms,376659,161580
Date movie,10073,43919
Return to never land,16690,5109
Selma,273895,118700
Boogeyman,8968,31431
Epic movie,9760,50798
Spotlight,314365,142488
Lakeview terrace,13279,61705
How stella got her groove back,33644,2154
Bill & ted's bogus journey,1649,4980
Selena,16052,1487
Vampires suck,40264,80350
Babel,1164,46723
This is where i leave you,239678,114601
Doubt,14359,64575
Team america: world police,3989,8917
Texas chainsaw 3d,76617,99721
Copycat,1710,22
Paint your wagon,20391,4709
Wild things,617,1805
High fidelity,243,3481
One missed call,6933,57520
Eternal sunshine of the spotless mind,38,7361
You again,38303,80858
Street kings,1266,59016
Daybreakers,19901,73268
She's out of my league,34016,74946
Stay alive,10069,44731
Quigley down under,9588,26750
Alpha and omega,12819,88468
The covenant,9954,170987
Stick it,10115,45221
Shorts,25132,71821
To die for,577,45
Appaloosa,12690,61986
Georgia rule,13159,53002
Ladyhawke,526,3479
Simon birch,22796,2236
Reign over me,2355,51931
Into the wild,5915,55247
Silent hill: revelation 3d,61012,97785
From dusk till dawn,755,70
Pooh's heffalump movie,13682,31687
21 grams,470,6953
Capitalism: a love story,22074,71450
Secret in their eyes,290751,140525
Disaster movie,13805,61348
Armored,4597,72762
What's your number?,63492,90576
Lockout,81796,93563
Envy,10710,7448
Crank: high voltage,15092,68205
Bullets over broadway,11382,348
One night with the king,15005,48600
Undisputed,15070,5531
12 rounds,17134,70361
Let me in,41402,80831
3 ninjas kick back,18885,4749
Be kind rewind,4953,55830
Triple 9,146198,152061
Deconstructing harry,2639,1701
Three to tango,10563,2978
Burnt,295964,142536
Everyone says i love you,9716,1057
Superbabies: baby geniuses 2,31117,8859
The man,9074,167718
Code name: the cleaner,14396,50153
Connie and carla,15673,7437
Sweet charity,42618,6245
Inherent vice,171274,116799
Doogal,24432,43926
Battle of the year,109417,105086
Strange wilderness,14220,57536
Topsy-turvy,46435,3163
Little boy,256962,135504
Chasing mavericks,82684,97832
Bandslam,23367,70643
Birth,10740,8959
A most violent year,241239,118898
Passchendaele,14582,66015
Flash of genius,14914,62577
"Synecdoche, new york",4960,62511
Bon voyage,14652,8779
Can't stop the music,40932,4831
My all american,334531,151927
Marci x,32316,6685
The oogieloves in the big balloon adventure,112937,160195
All good things,46503,82378
Rapa nui,10448,8585
Dylan dog: dead of night,43935,88380
People i know,11458,6330
Regression,241257,132798
Hands of stone,184341,163006
Dances with wolves,581,590
Bad teacher,52449,87485
Sea of love,12150,4661
The shining,694,180263
Back to the future,105,1270
Fight valley,385383,170044
Just married,12090,6006
Thomas and the magic railroad,16110,3820
Sex drive,13523,63479
Leap year,25195,73319
Take me home tonight,50725,84950
Kansas city,22479,869
Indignation,340611,160644
Land of the dead,11683,33834
Out of inferno,244339,199053
Fear and loathing in las vegas,1878,1884
Big,2280,2797
Borat: cultural learnings of america for make benefit glorious nation of kazakhstan,496,48385
Legally blonde,8835,4447
Star trek iii: the search for spock,157,1375
Deuce bigalow: male gigolo,10402,3146
Left behind,218043,115414
Bad santa,10147,6957
Austin powers: international man of mystery,816,1517
My big fat greek wedding 2,302688,155743
Diary of a wimpy kid: rodrick rules,60307,86014
Predator,106,3527
Amadeus,279,1225
Mean girls,10625,7451
Under the tuscan sun,10934,6765
Gosford park,5279,5013
Peggy sue got married,10013,2469
Blue jasmine,160588,103980
United 93,9829,45210
Honey,10028,7142
Spy hard,10535,743
The fog,790,171447
Soul surfer,43959,86815
Catch-22,10364,4349
Observe and report,16991,67695
Conan the destroyer,9610,5040
Raging bull,1578,1228
Love happens,25643,71325
Young sherlock holmes,11904,2414
127 hours,44115,81562
Small time crooks,10569,3618
Center stage,10560,3594
Love the coopers,333348,147022
Catch that kid,20483,7262
Life as a house,11457,4880
Steve jobs,321697,136562
"I love you, beth cooper",19840,70663
Youth in revolt,22327,73266
Blow out,11644,5712
Getaway,146227,104760
And so it goes,253235,112749
Troop beverly hills,22102,4676
Being julia,18701,8943
Ed wood,522,235
Labor day,130150,108780
Rocknrolla,13809,62849
Megaforce,27380,6099
Mao's last dancer,33870,83082
Midnight special,245703,130576
Anything else,10739,6750
Carlos,43434,81817
I come with the rain,31166,182455
One man's hero,69848,2235
I am wrath,332411,157407
Renaissance,9389,44849
Red sonja,9626,2373
Red lights,75638,96857
Hoodwinked!,10982,42734
Hotel rwanda,205,30749
Hitman,1620,56156
Black nativity,175541,111944
The prince,241254,114849
Aliens,679,1200
My fair lady,11113,914
I know what you did last summer,3597,1644
Let's be cops,193893,113453
Beerfest,9988,47640
Good boy!,21765,6871
Smokin' aces,7516,50794
40 days and 40 nights,2752,5151
Beastly,38117,82152
Dickie roberts: former child star,13778,6702
"Mcfarland, usa",228203,129659
Lottery ticket,41382,87314
Atl,13960,44815
Pitch perfect,114150,96588
Summer catch,26602,4736
Larry the cable guy: health inspector,15639,44729
Brooklyn's finest,26390,74944
55 days at peking,27759,38843
Evil dead,109428,101739
My life in ruins,23049,70932
American dreamz,9310,45106
Superman iv: the quest for peace,11411,2643
How she move,16988,57530
Shanghai surprise,58048,3390
Veronica guerin,10629,6884
Escobar: paradise lost,255343,130588
Southland tales,4723,56003
Damnation alley,25763,39931
The apparition,79694,192223
Fur: an imaginary portrait of diane arbus,18615,49666
Wall street,10673,4007
Becoming jane,2977,51834
Sydney white,10760,54734
House of sand and fog,11093,7158
Dead poets society,207,1246
When harry met sally...,639,1307
Road trip,9285,3617
Varsity blues,14709,2447
The unborn,13788,194670
Moonrise kingdom,83666,94959
The young messiah,318850,152087
See spot run,39180,4162
Baby boy,16161,4371
Joe dirt,10956,4247
Double impact,9594,4200
Hot fuzz,4638,51255
Vicky cristina barcelona,5038,60950
Boys and girls,10571,3743
White oleander,10994,5668
Jennifer's body,19994,71205
Drowning mona,25166,3324
Radio days,30890,2750
Remember me,23169,75341
How to deal,17403,6549
My stepmother is an alien,12120,4526
Philadelphia,9800,508
Duets,18074,3901
Hollywood ending,9689,5348
Detroit rock city,9781,2772
Highlander,8009,1275
Things we lost in the fire,3877,55286
Soul plane,12657,8363
Good,12410,70970
Enter the void,34647,78836
Juwanna mann,35696,5443
Ararat,16351,5817
Madison,38717,33152
Wasabi,2110,5628
Beverly hills cop,90,4085
Home alone,771,586
Three men and a baby,12154,5308
Tootsie,9576,4361
Top gun,744,1101
American beauty,14,2858
Twins,9493,4558
Tidal wave,33196,104590
The imitation game,205596,116797
Private benjamin,10765,1135
Coal miner's daughter,16769,4835
Diary of a wimpy kid,33217,77206
National lampoon's vacation,11153,2795
Beetlejuice,4011,2174
Big fat liar,11870,5092
Wag the dog,586,1747
Snitch,134411,100737
Krampus,287903,135534
Cop land,2142,1589
Not another teen movie,11397,4974
End of watch,77016,96811
The theory of everything,266856,117176
Malibu's most wanted,13411,6298
Lawrence of arabia,947,1204
Confessions of a teenage drama queen,11132,7316
28 weeks later,1562,53000
When the game stands tall,232679,117308
Because of winn-dixie,17880,31700
Grosse pointe blank,9434,1500
All about steve,23706,71670
Book of shadows: blair witch 2,11531,3973
Match point,116,41285
Ramona and beezus,38843,79572
Boogie nights,4995,1673
Nowhere to run,10413,7014
Flicka,14012,48791
Urban legends: final cut,12212,3908
Tuck everlasting,13768,5667
Keanu,342521,155820
Country strong,45272,84570
Disturbing behavior,9424,2026
Eye of the beholder,18681,3238
Firestarter,11495,3708
Killing them softly,64689,97860
A most wanted man,157849,112940
Freddy got fingered,13166,4255
U2 3d,37003,57970
Idlewild,13816,47646
Whip it,22798,71518
Knockaround guys,7501,5665
The muse,37718,153292
De-lovely,15237,8535
New york stories,9686,4628
Barney's great adventure,17644,1826
Home fries,12257,2385
Here on earth,13539,3453
Brazil,68,1199
Raise your voice,14024,8911
Black snake moan,7874,51091
Dark blue,4911,6185
Whatever it takes,16222,3454
Boat trip,9557,6249
The love letter,57943,122423
Hoot,18276,44949
In bruges,8321,57669
Peeples,72359,121182
Post grad,25704,70898
Whatever works,19265,69604
The in crowd,36047,172299
Jakob the liar,2290,2882
Kiss kiss bang bang,5236,38061
Idle hands,6552,2606
Mulholland drive,1018,4848
Blood and chocolate,10075,50796
You will meet a tall dark stranger,38031,80864
Transsiberian,6687,60647
Crazy in alabama,31306,2977
Funny games,8461,6975
Listening,331592,142226
Felicia's journey,47692,3055
Things to do in denver when you're dead,400,81
The return,11190,161016
Centurion,23759,79796
Silent trigger,24206,5020
Winnie mandela,75033,125309
All the queen's men,31668,5789
Khumba,172391,118876
Dungeons & dragons: wrath of the dragon god,9288,134643
Pandaemonium,40880,4385
Groundhog day,137,1265
Magic mike xxl,264999,137595
Manderlay,1951,39869
Slumdog millionaire,12405,63082
Fatal attraction,10998,3101
Pretty woman,114,597
Crocodile dundee ii,9396,2471
Broken horses,319910,141860
Born on the fourth of july,2604,4008
Cool runnings,864,1020
My bloody valentine,14435,5771
Stomp the yard,1931,50158
Urban legend,9877,2279
Good deeds,62008,132140
Jonah: a veggietales movie,15173,5629
Poetic justice,8291,510
All about the benjamins,13950,5170
Vampire in brooklyn,12158,93
Exorcist ii: the heretic,11586,1998
My boss's daughter,2830,6687
Our family wedding,34563,75803
Dead man on campus,14557,2169
Tea with mussolini,10368,2436
Thinner,10280,742
Crooklyn,34152,352
I think i love my wife,14434,51903
Jason x,11470,5323
Fun size,82679,107557
Little children,1440,48696
Catch a fire,1123,48879
Jefferson in paris,87729,254
Caravans,41317,155882
Mr. turner,245700,115824
Amen.,9045,6041
Reign of assassins,44092,116169
Flipped,43949,80586
Brokeback mountain,142,39183
Clueless,9603,39
Far from heaven,10712,5812
Hot tub time machine 2,243938,128975
Quills,10876,3993
Seven psychopaths,86838,97306
Downfall,613,165765
"Good morning, vietnam",801,3448
Justin bieber: never say never,54518,121103
Black swan,44214,81591
Save the last dance,9816,4054
Miracles from heaven,339984,155583
Young guns,11967,1378
St. vincent,239563,115231
About last night,222899,109372
10 things i hate about you,4951,2572
The shallows,332567,158528
The butterfly effect,1954,7254
Snow day,15489,3286
This christmas,15250,56158
Baby geniuses,22345,2555
Harriet the spy,38223,801
Child's play 2,11186,1992
No good deed,136835,114182
Ex machina,264660,115713
Being john malkovich,492,2997
Two can play that game,25462,4759
Earth to echo,238603,113071
Crazy/beautiful,10691,4372
Letters from iwo jima,1251,50068
Woo,58680,1878
Dirty work,14577,2195
Serial mom,11592,532
Dick,16406,2759
Light it up,19052,3050
54,3682,2188
Bubble boy,9683,4732
Birthday girl,2084,5081
Resurrecting the champ,13074,54612
Admission,144340,101612
Chloe,28211,76079
Faithful,47502,664
Find me guilty,9950,44197
Excessive force,24227,203797
Infamous,9672,48598
The vatican tapes,157544,140074
Attack the block,59678,87192
In the land of blood and honey,79777,91707
Operation chromite,407887,162676
I love you phillip morris,8952,74275
Antwone fisher,13435,5955
The emperor's club,17187,5873
True romance,319,555
Glengarry glen ross,9504,1095
Sorority row,26688,71571
Lars and the real girl,6615,55280
Dancer in the dark,16,3910
Solitary man,36691,78774
Casino jack,45324,82053
Jaws,578,1387
American pie,2105,2706
Think like a man,67660,94323
Barbershop,10611,5572
Star trek ii: the wrath of khan,154,1374
Ace ventura: pet detective,3049,344
Wargames,860,6979
Witness,9281,1674
Act of valor,75674,93297
Step up,9762,47382
Beavis and butt-head do america,3179,1405
Jackie brown,184,1729
Harold & kumar escape from guantanamo bay,13335,59022
Chronicle,76726,92420
Yentl,10269,5012
Time bandits,36819,2968
Patton,11202,1272
One hour photo,9357,5528
Quarantine,13812,62733
Johnson family vacation,19084,7378
How high,8386,4989
Frida,1360,5791
Katy perry: part of me,101267,97059
The fault in our stars,222935,111921
Rounders,10220,2231
Top five,284296,118924
Stir of echoes,11601,2841
Philomena,205220,106438
Aquamarine,14191,44225
Paper towns,286565,128512
My baby's daddy,26710,7170
Nebraska,129670,105197
Max keeble's big move,34549,4822
Young adult,57157,91622
Crank,1948,47200
Living out loud,46889,2331
Just wright,38093,105715
Rachel getting married,14976,62344
Girl with a pearl earring,3635,7151
Sorority boys,6020,5255
About time,122906,104374
Arbitrage,60599,96751
Project almanac,227719,127096
Cadillac records,14299,64229
For your consideration,14799,49220
Celebrity,9466,2356
Running with scissors,7510,48560
From justin to kelly,31246,6483
Girl 6,61752,639
In the cut,10944,6885
Two lovers,10362,66200
Last orders,14778,5112
Ravenous,10212,2560
Charlie bartlett,8669,54281
Stoker,86825,101088
2046,844,27266
Married life,8060,58494
Duma,15907,35015
Ondine,38448,74488
Welcome to collinwood,9260,5636
Critical care,61337,1677
Darling companion,89325,103978
Trade,4170,57393
Breakfast of champions,12479,2507
Cypher,10133,7827
Space battleship yamato,61984,93610
5 days of war,50601,94998
Triangle,26466,74228
10 days in a madhouse,345003,170445
Heaven is for real,236751,110750
Snatch,107,4011
The cry of the owl,18530,134661
Gremlins,927,2003
Dirty grandpa,291870,151739
Doctor zhivago,907,2067
High school musical 3: senior year,11887,62912
Jackass number two,12094,48322
My cousin vinny,10377,2302
If i stay,249164,113604
Drive hard,256092,116419
Major league,9942,4623
St. trinian's,10748,60141
Phone booth,1817,6281
Cruel intentions,796,2541
Saw vi,22804,72129
History of the world: part i,10156,2301
Corky romano,17708,4845
Raising cain,13937,7636
F.i.s.t.,28932,48704
Brooklyn,167073,127108
Barry lyndon,3175,2730
Tomcats,10646,4233
Frailty,12149,5294
Woman in gold,304357,131796
Kinsey,11184,8966
Army of darkness,766,1215
Slackers,20009,5080
What's eating gilbert grape,1587,337
Vera drake,11109,8951
Inside llewyn davis,86829,106766
O,11065,4745
Return to the blue lagoon,13888,5841
Romance & cigarettes,13994,40342
Copying beethoven,1590,52356
Saw v,11917,63436
Jindabyne,4657,52005
Kabhi alvida naa kehna,14395,171737
2001: a space odyssey,62,924
E.t. the extra-terrestrial,601,1097
In the land of women,13067,52668
The blue butterfly,25379,170319
There goes my baby,88641,6847
Housefull,58051,163466
September dawn,14877,54783
The bélier family,304410,133185
Good will hunting,489,1704
Misconduct,373314,152228
Saw iii,214,48877
Stripes,10890,1663
Bring it on,1588,3882
The purge: election year,316727,160565
She's all that,10314,2485
Saw iv,663,55577
White noise,11804,30894
Happy gilmore,9614,104
Jeepers creepers,8922,4744
Bill & ted's excellent adventure,1648,4571
Oliver!,17917,1951
Recess: school's out,19405,4154
Mad max beyond thunderdome,9355,3704
Devil,44040,80846
Friday after next,10426,5874
Insidious: chapter 3,280092,122884
Nick and norah's infinite playlist,12182,62155
Dogma,1832,3052
Twilight zone: the movie,15301,26492
Swimfan,20616,5564
Can't hardly wait,15037,1895
The dead zone,11336,144540
Sinister 2,283445,140529
Valentine,10984,4143
Invasion u.s.a.,15983,4949
Roll bounce,14544,37844
Rushmore,11545,2395
Skyline,42684,82095
The second best exotic marigold hotel,268238,129428
Kit kittredge: an american girl,8359,60289
Mo' better blues,41823,3425
Kung pow: enter the fist,11891,5047
Wrong turn,9902,6379
Mud,103731,102194
Reno 911!: miami,10090,51088
One direction: this is us,164558,104728
Hey arnold! the movie,17710,5448
My week with marilyn,75900,91134
Love jones,27322,1477
End of the spear,14120,46919
Big eyes,87093,118985
Very bad things,10029,2387
Body double,11507,7616
Macgruber,37931,77667
Dirty pretty things,3472,6552
Movie 43,87818,100083
Over her dead body,13160,57538
Seeking a friend for the end of the world,88005,95309
Cedar rapids,52067,84615
American history x,73,2329
Deuces wild,13201,5347
Bad words,209403,109895
Heartbeeps,73247,5756
Black or white,253331,117861
On the line,34043,4875
Rescue dawn,9952,53550
Danny collins,256924,132496
"Jeff, who lives at home",82532,93512
Malone,27342,26600
Peaceful warrior,13689,45503
Bucky larson: born to be a star,67911,92448
Bamboozled,24664,3943
Sphinx,47890,5860
While we're young,252512,130452
Nicholas nickleby,29339,5994
Krrish,32740,46770
Cecil b. demented,14195,3858
Killer joe,73567,95761
Owning mahowny,15394,6337
My blueberry nights,1989,56389
Illuminata,91076,2767
Swept away,12779,5675
"War, inc.",13191,59594
Rosewater,222649,116841
Coriolanus,101173,91571
Imaginary heroes,25350,31114
High heels and low lifes,10034,4879
World's greatest dad,20178,71429
Severance,5072,47937
Welcome to the rileys,31007,84242
Police academy: mission to moscow,11546,8387
Blood done sign my name,41894,74595
Cinco de mayo: la batalla,184374,177735
The open road,24663,126957
Motherhood,22805,74647
Free style,39055,107481
Strangerland,245846,133710
Blonde ambition,15017,57426
Eulogy,16358,8918
Beat the world,66767,181373
Fifty dead men walking,17622,71691
Adam resurrected,18516,78019
Of horses and men,217708,126919
It's a wonderful afterlife,42057,118258
Partition,14608,174973
Good intentions,34417,172853
Gunless,43090,77818
Adventureland,16614,67734
Next friday,10471,3177
American heist,250066,126420
You only live twice,667,7569
Plastic,208869,115151
Amour,86837,98056
Poltergeist iii,10306,1996
Re-kill,106845,144196
"It's a mad, mad, mad, mad world",11576,4799
Volver,219,44694
Heavy metal,11827,610
Gentlemen broncos,22820,72224
Into the grizzly maze,244316,143472
Kites,37737,112909
Melancholia,62215,86320
Red dog,66125,94469
Jab tak hai jaan,132316,134777
Alien,348,1214
Fiddler on the roof,14811,4857
Thunderball,660,2993
Detention,68684,95237
Loose cannons,40794,6560
Set it off,9400,998
Sicko,2359,53894
Down to you,10472,3225
The contender,6521,185007
Boiler room,14181,3298
Trading places,1621,3039
Breakin' all the rules,16428,7457
Henry v,10705,1224
Igby goes down,9685,5577
Pcu,14425,6811
Gracie,15568,53133
Trust the man,14057,47976
Hamlet 2,12621,61246
Velvet goldmine,1808,2337
The wailing,293670,159061
Two evil eyes,29514,6406
Barbecue,250349,132608
All or nothing,12454,5788
Undiscovered,17926,36511
The girl on the train,41248,162602
Veronika decides to die,25968,72980
Crocodile dundee,9671,2470
"Ultramarines: a warhammer 40,000 movie",52010,116215
Beneath hill 60,43418,85763
Polisse,71157,90474
Awake,13483,56169
Skin trade,327833,136698
Crazy heart,25196,73023
Baggage claim,175528,105620
Barbarella,8069,674
Election,9451,2599
The duff,272693,126548
Glitter,10696,4775
Bright star,29963,71327
My name is khan,26022,74787
All is lost,152747,105954
Namastey london,20360,149670
Yeh jawaani hai deewani,185008,108514
Repo! the genetic opera,14353,65868
Pulp fiction,680,296
Nightcrawler,242582,115569
Club dread,11217,7319
Splash,2619,2100
Little miss sunshine,773,46578
Stand by me,235,1259
28 days later,170,6502
You got served,14114,7259
Escape from alcatraz,10734,8340
Brown sugar,37964,5664
50/50,40807,89864
That awkward moment,225565,109483
Modern problems,16471,5768
Kicks,385736,164604
On her majesty's secret service,668,3633
Drive me crazy,14429,2888
Akeelah and the bee,13751,44709
Half baked,9490,1753
New in town,14536,69253
American psycho,1359,3535
Enough said,209263,105211
Easy a,37735,80549
Shadow of the vampire,10873,4036
Prom,51588,89194
Woman on top,14629,3909
Howards end,8293,3260
Anomalisa,291270,139855
8 women,1958,5613
Showdown in little tokyo,13154,6642
Clay pigeons,26618,2280
It's kind of a funny story,43923,80693
Made in dagenham,46138,83270
Prefontaine,26306,1442
Begin again,198277,111622
Down in the valley,7870,45382
Brooklyn rules,13072,55154
Fido,10288,53468
Pathology,12192,60832
10th & wolf,13197,55391
Dear wendy,10913,33421
Aloft,251321,127182
The death and life of bobby z,10425,55209
Swelter,256687,149612
Imagine me & you,1544,43744
Mr. church,374461,165503
Swimming pool,302,6538
Green street hooligans: underground,182873,136576
Code of honor,389425,160956
Driving miss daisy,403,1962
Soul food,29461,1621
Far from men,283708,132068
Thank you for smoking,9388,44195
Hostel: part ii,1691,53435
Shopgirl,2610,39414
Narc,11022,5959
Men with brooms,34341,5829
Witless protection,15365,58146
The work and the glory,36046,163599
Extract,12569,71248
Code 46,2577,8800
Albert nobbs,73873,91673
Black november,312113,160551
Persepolis,2011,55442
The neon demon,301365,155064
Harry brown,25941,74948
Juno,7326,56367
Diamonds are forever,681,3984
Flashdance,535,2942
(500) days of summer,19913,69757
Magic mike,77930,95449
Live and let die,253,2991
My dog skip,17908,3189
"Definitely, maybe",8390,58047
"Good night, and good luck.",3291,39292
Capote,398,37741
Desperado,8068,163
Logan's run,10803,2528
Michael jordan to the max,24977,4453
Devil's due,79316,108243
Flirting with disaster,2074,125
Dope,308639,127198
In too deep,22314,2812
House of 1000 corpses,2662,6290
Alien zone,77156,146580
Get low,44718,79897
Beyond the lights,241771,117456
Outside providence,14578,2836
Bride & prejudice,57825,31694
Rabbit-proof fence,9555,5446
Who's your caddy?,15581,54268
Redbelt,12400,59336
Cyrus,39053,77421
Auto focus,14112,5680
We need to talk about kevin,71859,90376
The christmas candle,226354,144654
Losin' it,33676,4204
Mother and child,37080,82589
March or die,25388,110649
Somewhere,39210,81791
I hope they serve beer in hell,30128,74582
Chairman of the board,31535,1679
Hesher,44835,89047
Dom hemingway,192134,110322
Gerry,1956,6162
Wah-wah,15013,45508
Z storm,277519,148270
Pale rider,8879,2401
Dazed and confused,9571,441
High school musical 2,13649,61123
Two lovers and a bear,325373,168576
Criminal activities,334527,147726
The chumscrubber,13919,34523
Shade,14576,7383
House at the end of the street,82505,96917
Incendies,46738,86781
Annabelle,250546,114713
Bran nue dae,38415,80947
Boyz n the hood,650,6796
Friends with money,8998,44864
Bats,10496,2974
Layer cake,4836,27831
The work and the glory ii: american zion,14631,163601
A home at the end of the world,18923,8667
Aberdeen,26665,4729
The messenger,28089,197515
"Good bye, lenin!",338,7323
Mallrats,2293,180
Grease,621,1380
Platoon,792,1090
Fahrenheit 9/11,1777,8622
Butch cassidy and the sundance kid,642,1304
Mary poppins,433,1028
Ordinary people,16619,1956
West side story,1725,1947
Caddyshack,11977,3552
The brothers,20322,180951
Duel in the sun,32275,3792
Best in show,13785,3911
Escape from new york,1103,1129
School daze,36739,3423
Daddy day camp,14144,54768
Mystic pizza,11191,4062
Sliding doors,10215,1680
Tales from the hood,25066,330
Halloween 5: the revenge of michael myers,11361,1986
Pollock,12509,4017
200 cigarettes,15256,2504
Casa de mi padre,80304,93693
City island,28053,71466
The guard,67913,196501
Little voice,8545,2390
Miss march,19556,70641
Wish i was here,231576,112946
Simply irresistible,16172,2491
Hedwig and the angry inch,13403,4642
Only the strong,15797,7192
Goddess of love,347764,155372
Novocaine,20794,4898
Morvern callar,18602,5951
Beastmaster 2: through the portal of time,27549,31290
Snow flower and the secret fan,58882,88138
Come early morning,7547,54254
Lucky break,35944,5285
"Surfer, dude",13827,65155
Lake of fire,44260,59684
11:14,9282,27674
Men of war,38940,69821
Don mckay,35689,76729
The hit list,58626,138588
Videodrome,837,6774
Song one,244783,134587
Freaky deaky,168027,106066
Trade of innocents,135595,175811
Stiff upper lips,89861,2768
Bend it like beckham,455,6218
Sunshine state,57022,5447
Crossover,14351,47815
Khiladi 786,147767,163462
[rec]²,10664,74750
Standing ovation,55567,128703
Chariots of fire,9443,1957
Shine,7863,1357
Don jon,138697,105213
High plains drifter,11901,2921
Ghost world,1548,4641
Galaxina,33155,5045
Mambo italiano,321,6769
Do the right thing,925,3424
Harvard man,27451,5424
Salvation boulevard,51995,91688
Grabbers,84204,102070
Saint ralph,25248,33826
Somewhere in time,16633,1286
Dum maaro dum,63006,160283
Insidious: chapter 2,91586,104908
Saw ii,215,39446
10 cloverfield lane,333371,152077
Jackass: the movie,9012,5785
Paranormal activity 3,72571,90469
Ouija,242512,115534
Paranormal activity 4,82990,97701
Paranormal activity: the marked ones,227348,107769
The elephant man,1955,122062
Dallas buyers club,152532,106100
The lazarus effect,243940,129707
Memento,77,4226
Oculus,157547,110591
Clerks ii,2295,45728
Billy elliot,71,3967
House party 2,16096,3774
Doug's 1st movie,16508,2566
The apostle,2895,182459
Mommie dearest,15660,2639
Our idiot brother,59968,88672
Race,323677,152071
The players club,19848,1825
"As above, so below",256274,113780
Addicted,235271,133579
Eve's bayou,45153,1660
Still alice,284293,117881
Nighthawks,21610,3029
Friday the 13th part viii: jason takes manhattan,10283,1981
My big fat greek wedding,8346,5299
Spring breakers,122081,101285
Shaun of the dead,747,8874
Halloween 4: the return of michael myers,11357,1985
April fool's day,24913,1330
Diner,13776,3543
Lone wolf mcquade,14854,4950
Apollo 18,50357,92192
Sunshine cleaning,13090,67267
Solomon and sheba,29996,122084
Fifty shades of black,351819,149186
Not easily broken,14834,72265
The perfect match,378200,152089
Digimon: the movie,20455,3945
Saved!,13193,8366
Robin and marian,10786,5499
Force 10 from navarone,17339,3519
Uhf,11959,4678
Made,15745,4452
Moon,17431,68237
Keeping up with the steins,21014,45512
Bottle shock,13996,60948
Heavenly creatures,1024,247
90 minutes in heaven,343795,151641
Zero effect,16148,1845
The machinist,4553,8950
Light sleeper,36351,26737
Kill the messenger,245916,118354
Rabbit hole,27585,82767
Green room,313922,141866
Albino alligator,8744,1352
Standard operating procedure,8847,60341
"Lovely, still",51384,88934
Tycoon,56930,84961
Desert blue,41730,2678
Redacted,11600,56511
Fascination,71547,137365
Area 51,57876,141761
Flying by,19615,120218
Rudderless,244403,116817
Christmas eve,340816,148634
Dying of the light,297596,118248
Born of war,299552,168874
Capricorn one,11935,26398
Yoga hosers,290825,155832
Navy seals vs. zombies,361159,142975
Soul kitchen,31175,73587
Sling blade,12498,1358
Hostel,1690,42723
Take shelter,64720,90057
Driving lessons,11404,54094
Let's kill ward's wife,300706,119948
Only god forgives,77987,102684
Without men,68202,122406
Dear frankie,8981,8530
Savage grace,10822,59729
Police academy,9336,2378
The blue lagoon,5689,123545
Four weddings and a funeral,712,357
Fast times at ridgemont high,13342,3210
25th hour,1429,5954
Requiem for a dream,641,3949
Salvador,6106,4407
Donnie darko,141,4878
Spun,12079,6223
Life during wartime,39800,79800
Mean machine,9991,5134
Exiled,13807,203807
Blackthorn,68818,95133
After.life,36419,76317
Fugly,281730,133949
One flew over the cuckoo's nest,510,1193
R.l. stine's monsterville: the cabinet of souls,362105,195999
Silent movie,10970,8512
Airlift,375290,151459
Anne of green gables,17663,110921
Falcon rising,270938,129845
Sexy beast,11826,4378
Easy money,29920,3846
Whale rider,1088,6385
Paa,26379,150322
High school musical,10947,46062
Love and death on long island,47452,1794
Porky's,10246,3688
Survival of the dead,29426,75425
Lost in translation,153,6711
Annie hall,703,1230
Monster's ball,1365,5015
Maggie,287424,133782
Leaving las vegas,451,25
Trapeze,40494,73109
They live,8337,4553
Boyhood,85350,112290
Scoop,512,46967
3 strikes,47816,3322
Topaz,2370,2179
Let's go to prison,9809,49276
Four rooms,5,18
Secretary,11013,5617
Talk radio,10132,4009
Waiting for guffman,16448,1449
Love stinks,15122,2809
You kill me,8141,54331
Thumbsucker,1546,36537
Red state,48572,89343
Mirrormask,14517,37857
The barbarians,27551,170265
Zipper,309503,127132
Poolhall junkies,14293,6193
Holy motors,103328,96832
Shooting fish,25719,1755
Prison,48309,26638
Psycho beach party,27723,3830
"Guten tag, ramón",242575,131980
Among giants,125123,2569
Adore,111190,104631
Stake land,52015,89072
The last time i committed suicide,34941,1567
Futuro beach,227975,130630
Another happy day,60422,91010
Nothing,10981,27537
1776,14902,5472
Inescapable,121676,105121
Hell's angels,22301,31042
The helpers,114635,177891
How to fall in love,158150,129199
Network,10774,3504
Gone with the wind,770,920
Desert dancer,266102,157637
Major dundee,29715,26142
Annie get your gun,25209,25959
Four lions,37495,77800
Defendor,34769,76210
The pirate,35032,161452
Midnight cowboy,3116,1952
Airplane!,813,2791
Friday,10634,69
Menace ii society,9516,493
Creepshow 2,16288,3017
Harper,26268,8056
I got the hook up,40505,1886
She's the one,11363,804
Gods and monsters,3033,2333
Train,22007,83334
Pootie tang,10615,4373
The other conquest,89540,167072
Winter passing,14256,43914
D.e.b.s.,540,32300
The masked saint,370464,159099
2:13,39303,79547
Time to choose,370662,158739
In the name of the king iii,252360,123553
Wicked blood,256740,122490
High anxiety,12535,26386
Margin call,50839,90439
City of god,598,185189
Human traffic,11129,3581
To write love on her arms,75861,129853
Bella,12586,59440
Class of 1984,11564,5935
Dreaming of joseph lees,108346,2998
Rosemary's baby,805,2160
Beginners,55347,87304
Animal house,8469,3421
Goldfinger,658,2947
Antiviral,125490,98975
It's a wonderful life,1585,953
Trainspotting,627,778
Paranormal activity 2,41436,81417
Bowling for columbine,1430,5669
Sinister,82507,97188
Martin lawrence live: runteldat,20337,5513
Cat on a hot tin roof,261,971
Beneath the planet of the apes,1685,2530
Air bud,20737,1592
Friday the 13th part vi: jason lives,10225,1979
Spaced invaders,34086,5596
Family plot,5854,2177
Jason goes to hell: the final friday,10285,5691
Torn curtain,5780,2180
Slow west,223485,133802
Krush groove,29463,6053
Next day air,18065,71533
Elmer gantry,22013,4190
Judgment at nuremberg,821,6777
Trippin',53862,2623
Red river,3089,7070
Phat girlz,30139,44844
Before midnight,132344,100714
Teen wolf too,15582,51520
Phantasm ii,15158,3837
Woman thou art loosed,44634,32342
Real women have curves,30309,5685
East is east,10557,3538
Whipped,23531,3597
Please give,40247,78116
Willy wonka & the chocolate factory,252,1073
Warlock: the armageddon,24126,4685
8 heads in a duffel bag,13982,1503
Days of heaven,16642,2932
Jawbreaker,18892,2500
Basquiat,549,851
Frances ha,121986,102800
Tsotsi,868,44204
Dysfunktional family,17995,6284
Oldboy,670,107314
Letters to god,35691,94893
Hobo with a shotgun,49010,85796
Compadres,317930,162652
Freeway,11229,1034
Love's abiding joy,22488,162380
Fish tank,24469,74416
Damsels in distress,82533,93723
Bachelorette,84174,96565
Tim and eric's billion dollar movie,79940,92719
Summer storm,342,156714
Fort mccoy,281230,126552
Chain letter,38033,84262
Just looking,100975,3954
The divide,38541,185503
Demonic,234212,129372
My big fat independent movie,27404,136002
The deported,170480,138984
Tanner hall,71866,91826
Open road,192210,168658
They came together,180296,112450
30 nights of paranormal activity with the devil inside the girl with the dragon tattoo,157058,115913
Never back down 2: the beatdown,70006,135831
Enter the dangerous mind,176077,134664
Something wicked,260947,130574
Awol-72,342502,150558
Iguana,191229,193992
Pocketful of miracles,248,4804
Close range,325173,150401
Amnesiac,351043,140962
Freakonomics,43942,89102
Griff the invisible,66942,88237
Unnatural,356483,149348
Hustle & flow,10476,34271
Some like it hot,239,910
Friday the 13th part vii: the new blood,10281,1980
Young frankenstein,3034,1278
Diary of the dead,13025,58332
Lage raho munna bhai,21461,132456
Ulee's gold,55306,1633
Donovan's reef,15875,4401
The dress,5900,141886
Blazing saddles,11072,3671
Ida,209274,106452
Maurice,26371,3094
Beer league,14137,50610
Riding giants,291,27882
Silver medalist,33106,144594
Timber falls,8875,57432
Singin' in the rain,872,899
2016: obama's america,126509,96941
That thing you do!,9591,1042
Halloween iii: season of the witch,10676,1984
Escape from the planet of the apes,1687,2533
Hud,24748,3467
Kevin hart: let me explain,181330,121155
My own private idaho,468,1611
Garden state,401,8784
Before sunrise,76,215
Jesus' son,25636,3747
Brick lane,21074,60133
Robot & frank,84329,96655
My life without me,20,6770
The spectacular now,157386,103539
Religulous,13007,59126
Eye of the dolphin,46849,86846
8: the mormon proposition,40428,79430
Sleep dealer,20764,72630
Super,45132,85401
Christmas mail,76706,172347
Stung,254472,137563
Antibirth,332285,162346
Get on the bus,49471,1054
Idiocracy,7512,47997
The rise of the krays,356216,141916
This is england,11798,52952
U.f.o.,146631,121277
Bathing beauty,43546,91492
Go for it!,61038,120586
"Dancer, texas pop. 81",78373,1870
The calling,283384,203258
Fantasia,756,1282
The last sin eater,9916,191199
Do you believe?,309425,135506
There's always woodstock,297621,137968
Jack brooks: monster slayer,16205,65300
Elling,6007,5890
[rec],8329,57274
Containment,347548,146350
The timber,322443,142586
From russia with love,657,2948
Sleeper,11561,1077
It follows,270303,121231
To kill a mockingbird,595,1207
Boys don't cry,226,2908
Silent house,92182,93954
Courageous,72213,93265
Boom town,55604,25860
Smoke signals,20862,1914
American splendor,2771,6620
Before sunset,80,8638
Thirteen,11023,7285
Gentleman's agreement,33667,1940
Winter's bone,39013,78574
Touching the void,11194,7256
Alexander's ragtime band,43839,8881
Me and you and everyone we know,1382,33880
We are your friends,301351,141648
Ghost dog: the way of the samurai,4816,3328
Harsh times,7873,49314
Full frontal,15186,5172
Witchboard,17994,8855
Shortbus,1378,48744
"The book of mormon movie, volume 1: the journey",48382,163605
No end in sight,12901,55071
The diary of a teenage girl,250124,127196
Meek's cutoff,57120,85790
Inside deep throat,12228,31689
Dinner rush,22617,4772
Clockwatchers,55561,1875
Subway,10656,4919
House of d,24363,33136
Six-string samurai,24746,2275
Hum to mohabbat karega,325140,146410
It's all gone pete tong,12109,33725
Saint john of las vegas,27023,80763
24 7: twenty four seven,22913,2444
This thing of ours,67373,174971
The lost medallion: the adventures of billy stone,171759,143391
The last five years,206296,128832
Return of the living dead 3,28260,58485
Sherrybaby,13075,47978
Circle,335866,144482
Eden lake,13510,66090
Plush,215881,147781
Grave encounters,50698,92391
Stitches,115210,131552
Bananas,11302,1078
No man's land: the rise of reeker,18616,121267
Small apartments,95755,102245
Coffee town,198062,103819
All is bright,174311,106883
The torture chamber of dr. sadism,12602,161444
Straight a's,153795,144424
The legend of hell's gate: an american conspiracy,98549,125249
The walking deceased,312793,132616
The curse of downers grove,309919,144756
Shark lake,299553,150274
Northfork,32235,6547
The marine 4: moving target,329540,132418
Buried,26388,78088
The square,159037,173197
Abcd (any body can dance),157293,151577
Man on wire,14048,60766
Nowhere boy,33511,73860
Dr. strangelove or: how i learned to stop worrying and love the bomb,935,750
Beasts of the southern wild,84175,95558
Battle for the planet of the apes,1705,2531
Songcatcher,62677,4028
Ed and his dead mother,44562,6505
Travellers and magicians,37232,31900
Hang 'em high,4929,2922
Deadline - u.s.a.,36334,94917
Sublime,9783,60479
A beginner's guide to snuff,386826,170963
Dysfunctional friends,98557,145240
Against the wild,246449,141154
Conquest of the planet of the apes,1688,2532
In the bedroom,1999,4903
"Happy, texas",24066,2891
My summer of love,9709,33817
The lunchbox,191714,107883
Yes,25312,33832
You can't take it with you,34106,1934
From here to eternity,11426,1944
She wore a yellow ribbon,13909,5440
Grace unplugged,206284,114980
Foolish,27455,2584
I love your work,25428,44892
Waitress,10758,50685
Bloodsport,11690,3444
Mr. smith goes to washington,3083,954
Kissing jessica stein,15647,5222
Kickboxer: vengeance,308529,163951
Exotica,20156,233
Insidious,49018,85788
Repo man,13820,1965
Killing zoe,507,482
Snow angels,14054,58492
Unsullied,323271,178675
Session 9,10972,4725
I want someone to eat cheese with,13066,55517
Mooz-lum,66025,95611
Hatchet,11908,57421
Modern times,3082,3462
Stolen summer,39541,5256
My name is bruce,1961,66427
Road hard,291362,130069
Forty shades of blue,30082,38435
Amigo,72913,80655
Pontypool,23963,73211
Trucker,29406,72718
Housebound,253306,113252
Wal-mart: the high cost of low price,29595,41724
Closer to the moon,137347,118862
Mutant world,290370,133443
Growing up smith,426469,173857
Checkmate,356841,177265
#horror,301325,151789
Snow white and the seven dwarfs,408,594
Shalako,39209,8688
Incident at loch ness,48463,32314
The dog lover,394047,160860
The blue room,266034,126775
The ballad of gregorio cortez,218500,191681
Trees lounge,27845,1051
Journey from the fall,25784,56574
The basket,52790,122673
Eddie: the sleepwalking cannibal,100275,152587
Queen of the mountains,295914,128866
Def-con 4,42033,4691
Rebecca,223,928
Friday the 13th part 2,9725,1975
C.h.u.d.,23730,4222
Filly brown,84197,120952
Niagara,19997,2939
How green was my valley,43266,1935
Da sweet blood of jesus,278316,132422
"Sex, lies, and videotape",1412,1186
Super troopers,39939,5110
The amazing catfish,215924,125569
Monsoon wedding,480,5135
You can count on me,14295,3983
But i'm a cheerleader,20770,3786
Home run,176124,102064
Reservoir dogs,500,1089
The second mother,310569,136204
Blue like jazz,98369,96753
"Pink ribbons, inc.",89750,100289
The blade of don juan,355629,161236
Grand theft parsons,16433,42638
Extreme movie,15544,76119
Below zero,107315,159803
Crowsnest,137955,132981
Cotton comes to harlem,59917,82300
The wicked within,157422,144650
Bleeding hearts,310933,171963
Waiting...,7553,37384
Dead man's shoes,12877,40412
Dracula: pages from a virgin's diary,55616,6366
Faith like potatoes,29697,72949
Beyond the black rainbow,50037,94558
The raid,94329,84508
Casablanca,289,912
Lake mungo,27374,80844
Silent running,811,5410
Rocky,1366,1954
The sleepwalker,244776,139632
Tom jones,5769,1948
Unfriended,277685,130636
Dr. no,646,2949
Chernobyl diaries,93856,94813
Hellraiser,9003,3917
God's not dead 2,347126,162660
Blue valentine,46705,78039
Transamerica,546,42004
Beyond the valley of the dolls,5722,8196
Love me tender,39833,5550
Sands of iwo jima,18712,8446
Shine a light,7944,58879
The green inferno,171424,133832
Departure,361475,169476
"Food, inc.",18570,71282
October baby,83860,93061
Next stop wonderland,41469,2171
The skeleton twins,244772,114074
Martha marcy may marlene,50837,90374
Obvious child,248774,109740
Frozen river,10183,60943
Two girls and a guy,32456,1816
Walking and talking,49963,803
Who killed the electric car?,13508,45928
Bubba ho-tep,9707,6755
Brigham city,26791,4243
Fiza,56666,146396
Orgazmo,8675,2325
All the real girls,13132,6159
Dream with the fishes,47686,1563
Blue car,46989,6334
Palo alto,192132,111387
Ajami,24424,74827
Wristcutters: a love story,13198,56715
I origins,244267,112804
Taxi to the dark side,13362,58191
Once in a lifetime: the extraordinary story of the new york cosmos,39183,48626
Antarctica: a year on ice,201132,132472
A lego brickumentary,251471,140773
Hardflip,112456,139144
Chocolate: deep dark secrets,20296,152998
Safe men,16155,2128
Speedway junky,46727,4747
The last big thing,55180,124440
The specials,29015,208887
16 to life,91122,97615
Alone with her,18206,53416
Creative control,320146,144636
Special,13856,69251
In her line of fire,56491,159053
Heli,186935,111290
Loving annabelle,19344,50183
Hits,242083,128544
Jimmy and judy,18869,69159
The party's over,41830,151949
Childless,335874,141747
Zmd: zombies of mass destruction,34592,75404
Snow white: a deadly summer,92635,125369
Bang bang baby,269057,165365
Fear clinic,287524,127585
Zombie hunter,206213,201050
A fine step,248402,200562
Ask me anything,271185,119966
And then came love,29731,132102
Food chains,292539,143253
On the waterfront,654,1945
L!fe happens,91070,93946
Hard candy,2652,44974
Circumstance,60421,89997
Fruitvale station,157354,103624
Latter days,15708,7260
1982,215918,181101
"For a good time, call...",84200,92665
Time changer,45767,5793
London to brighton,14823,49330
American hero,367551,148683
Welcome to the dollhouse,11446,562
Ruby in paradise,47889,523
Raising victor vargas,25461,6268
Deterrence,25212,3318
Not cool,292483,114492
Saints and soldiers,10105,27816
Vessel,211557,134589
American graffiti,838,3363
Iraq for sale: the war profiteers,40862,48389
Aqua teen hunger force colon movie film for theaters,13158,52462
Safety not guaranteed,84332,95088
Kevin hart: laugh at my pain,74510,136471
Kill list,74725,89837
Interview with the assassin,36584,5819
Donkey punch,13429,65817
All the boys love mandy lane,9022,59738
Hoop dreams,14275,246
Rize,2287,33838
L.i.e.,18734,4765
The sisterhood of night,206197,134871
Half nelson,7859,47423
Naturally native,302579,2958
Hav plenty,51955,1903
Adulterers,376004,165227
Escape from tomorrow,158752,105801
Starsuckers,40658,90769
Top hat,3080,945
Woodstock,9459,7836
Mercy streets,26916,78698
Broken vessels,125263,2703
They will have to kill us first,324322,160724
The country doctor,375950,174211
The maid's room,278348,160440
Fireproof,14438,64114
Faith connections,211086,169064
Open water,83,27822
High road,89857,133413
Kingdom of the spiders,30315,6848
Mad hot ballroom,14358,33639
To save a life,41144,141952
Wordplay,35199,46850
Beyond the mat,14271,3327
The singles ward,16653,191471
Osama,14757,7177
Sholem aleichem: laughing in the darkness,84401,141008
Groove,23655,3790
The r.m.,36825,191477
Twin falls idaho,33430,2725
Mean creek,12281,27838
Hurricane streets,125052,1659
Never again,96238,5467
Civil brand,30246,6697
Lonesome jim,7301,40887
Drinking buddies,172533,103801
Deceptive practice: the mysteries and mentors of ricky jay,180383,108660
Johnny suede,45145,26775
Rubber,45649,81132
Monsters,43933,80917
The californians,73511,184463
Detention of the dead,139715,117594
Scott walker: 30 century man,30867,89590
Everything put together,81220,40275
Good kill,253626,132112
The outrageous sophie tucker,294550,158563
Girls gone dead,117942,120580
Enter nowhere,98568,104431
Alleluia! the devil's carnival,285743,191129
The sound and the shadow,362765,161082
Born to fly: elizabeth streb vs. gravity,253261,185179
Straight out of brooklyn,94072,166177
Bloody sunday,4107,5632
Conversations with other women,15624,48342
Poultrygeist: night of the chicken dead,17287,65310
42nd street,3062,7080
Metropolitan,15389,1966
As it is in heaven,464,137146
Napoleon dynamite,8193,8376
Blue ruin,188166,111384
Paranormal activity,23827,71379
Monty python and the holy grail,762,1136
Quinceañera,64499,47778
Gory gory hallelujah,281189,32015
Tarnation,1435,8938
Love in the time of monsters,189711,191731
The beyond,19204,183055
My beautiful laundrette,11240,5367
Fabled,43743,8975
Show me,157909,66553
Trekkies,15800,2693
Murderball,14278,34153
American ninja 2: the confrontation,25678,4566
51 birch street,79161,58610
Rotor dr1,371690,178285
My dog tulip,52032,86604
It happened one night,3078,905
Tupac: resurrection,21525,6948
Tumbleweeds,55123,3118
Pieces of april,1550,6881
The big swap,162396,153396
Old joy,26518,50259
Wendy and lucy,8942,65418
3 backyards,68412,88423
Pierrot le fou,2786,7748
Sisters in law,87943,151443
Ayurveda: art of being,73981,169474
Nothing but a man,91721,178353
"First love, last rites",118452,2127
Death race 2000,13282,7991
Locker 13,250184,158703
Bizarre,318040,128727
Graduation day,27420,97792
Compliance,84188,96612
Chasing amy,2255,1639
Lovely & amazing,50035,5450
Better luck tomorrow,14290,6288
Chuck & buck,44490,3794
Cube,431,2232
Love and other catastrophes,76996,1493
I married a strange person!,51942,2189
Like crazy,60420,91079
Sugar town,142132,2865
On the outs,78307,58530
Shotgun stories,12247,60735
Exam,29917,78349
Sunday school musical,60463,189513
Rust,46252,193015
Along the roadside,173224,136806
Bronson,18533,70728
Urbania,77332,3903
Mad max,9659,3702
She done him wrong,43595,25801
The grace card,54897,165035
Call + response,287815,133243
Malevolence,54702,206731
Reality show,176074,190841
Baghead,5759,60044
American beast,402515,171713
Good dick,14758,69842
Samantha: an american girl holiday,25786,164855
Yesterday was a lie,36549,102119
H.,289180,165675
She's gotta have it,27995,3422
Butterfly girl,253290,118920
Another earth,55420,89039
Sweet sweetback's baadasssss song,5822,26257
Tadpole,39141,5485
Once,5723,53123
When the lights went out,50497,161926
Aroused,178862,174591
Top spin,331745,152183
Roger & me,1779,2064
Sound of my voice,86812,94799
Your sister's sister,84355,95135
A dog's breakfast,18632,54248
The birth of a nation,339408,151933
Facing the giants,18925,48711
The gallows,299245,138610
Eraserhead,985,3676
Hollywood shuffle,34101,4116
Penitentiary,65448,2954
Cheap thrills,175291,109742
Indie game: the movie,80215,98122
The night visitor,72086,3348
The past is a grotesque animal,268917,140872
"Peace, propaganda & the promised land",64973,113790
Pi,473,1921
"I love you, don't touch me!",90414,1850
20 dates,111794,2492
Super size me,9372,8464
The fp,85860,136540
Happy christmas,244534,114760
Tiger orange,294086,142068
Supporting characters,139998,105157
Absentia,74777,93819
Gabriela,42109,4315
Tiny furniture,47607,82173
Hayride,193603,123723
Counting,322745,159464
The image revolution,250902,152039
This is martin bonner,158895,104923
George washington,18292,5258
Mutual appreciation,40769,47808
Down terrace,42151,102760
Clerks,2292,223
Pink narcissus,42497,135170
Funny ha ha,33693,34314
In the company of men,14585,1594
Manito,185465,6490
Slacker,14022,6978
Flywheel,17345,93267
Backmask,226458,140204
Breaking upwards,44990,87964
Pink flamingos,692,2361
Clean,39851,32988
Cure,36095,4645
Bang,124606,1697
Primer,14337,8914
Newlyweds,72766,91829
"Signed, sealed, delivered",231617,164791
Shanghai calling,126186,101294
My date with drew,25975,34767
